PetID,n_photos,split,text_length
d3b4f29f8,11,train,355
e9dc82251,2,train,304
8111f6d4a,1,train,51
693a90fda,1,train,202
9d08c85ef,4,train,229
45af03266,3,train,444
01a07b591,5,train,580
10e723583,5,train,690
324266c95,5,train,478
b6fbfa344,12,train,4500
8df0bb3b3,18,train,1308
a05e81f9f,3,train,289
311479c63,1,train,7
11aa441fe,3,train,89
25fc96414,4,train,332
a6783a1c6,1,train,85
05aaee8ce,4,train,266
1d3dd0cb8,2,train,69
f20fa5c38,9,train,226
b8bc0c25c,2,train,146
8f45b9967,5,train,25
b7f7e01c6,3,train,29
f41a7de83,2,train,890
e7e2eca9e,1,train,38
f2f8667a2,7,train,445
54b687d7c,10,train,49
6438c6b3f,1,train,76
831505752,4,train,118
106128c56,4,train,181
c8f5f9120,1,train,232
671ffc570,6,train,245
279ca5034,1,train,58
f653550ac,1,train,912
9dae4e297,4,train,122
5925cf3fa,3,train,1508
066498aa1,3,train,379
568a5ab51,1,train,148
a65853183,3,train,72
3da55a076,5,train,763
48f20f515,3,train,214
fe3d33ae1,1,train,34
850a43f90,3,train,390
113204c87,1,train,288
a8f43bea5,3,train,171
13296aae7,3,train,525
c59fe4bcd,16,train,1526
abf1716a9,3,train,199
9718baba0,14,train,562
39ba962ef,1,train,134
34edfc9d5,1,train,155
6220663ba,11,train,459
4501c8125,4,train,288
b138f5cc9,14,train,42
dbfb1869f,3,train,125
dbcf45977,5,train,107
3b1391dda,4,train,439
006610fe3,1,train,301
1020c8f00,2,train,561
dc1d76def,12,train,248
6134ae21d,5,train,1146
0f1424059,1,train,22
befafd8d3,1,train,129
482d05dc8,6,train,162
7b0d325d8,11,train,294
373f757c7,1,train,657
e1c40a1eb,3,train,261
9f2dd031a,1,train,81
1c1bb3cd4,5,train,269
9a719040f,5,train,107
3af1dedf7,2,train,299
b7006ed96,14,train,235
9ebf6e448,4,train,20
21d8f0d2f,3,train,294
9e172ab13,4,train,806
261fc97ec,2,train,1046
ef2ee6e9b,2,train,695
a9bfec3ba,11,train,1185
3e463e29e,6,train,572
f5e35ea02,1,train,497
f4ab04385,2,train,184
49aaa4f94,1,train,287
898476994,1,train,70
b19556858,4,train,189
6d994c50c,4,train,41
6a3ff7445,5,train,294
5e6de643b,2,train,606
cf020a716,8,train,345
5c92de3f6,8,train,370
5297d9ba8,9,train,450
89a41673f,10,train,327
d965d6f3a,2,train,137
0db65104a,5,train,383
25c48e7ff,2,train,99
685cbaf7f,3,train,296
c93191313,5,train,58
1c411730a,13,train,450
ca7075738,2,train,14
b2676e6b1,5,train,384
301a245e6,10,train,947
94afcd90c,5,train,344
1ed55129a,2,train,34
4175a27e1,4,train,241
0aa767c04,1,train,121
859b2a95b,3,train,220
6cbbe5cd9,5,train,595
f928a7e7f,1,train,186
28bafb2ee,10,train,114
7667378df,2,train,294
da7895cbd,3,train,52
e08649ba2,2,train,171
117a7da85,2,train,174
158a55025,3,train,485
018e4d193,2,train,116
b4fb9949b,7,train,243
f5cb16efb,4,train,5
199277f1a,4,train,909
9f9bfa4d9,5,train,440
8ecb9aab0,3,train,1130
be5595abb,4,train,234
24dbfaf39,18,train,330
43021e4ed,2,train,38
7374edef0,5,train,1791
2fcbb6376,11,train,313
a9c968c38,1,train,434
2d8db1c19,14,train,306
d03356a0e,3,train,307
9dfd5312c,4,train,242
96d7ed5de,4,train,351
3d011c364,5,train,385
74cd0ff66,2,train,238
24bbd04ce,5,train,612
1117a135d,4,train,145
69975d223,1,train,196
2ad6c7675,4,train,195
f2472c8dd,2,train,483
a22daaa5f,3,train,69
1246bed4f,1,train,39
f680cd37a,4,train,711
6185f59bf,5,train,313
128b247b8,11,train,90
3161fe0f4,28,train,344
0133b2a29,5,train,238
8b636912d,10,train,395
b833f9624,6,train,358
34090e9d6,3,train,366
c7eac7b01,5,train,956
e6335f2ee,10,train,250
7e250a5f1,18,train,596
480f33a74,6,train,1
454aa9e20,1,train,82
157e3e074,1,train,80
dbaacc7e8,5,train,538
251bace70,15,train,74
c0b3f2081,2,train,201
0af685a60,6,train,367
01f4746ef,2,train,479
bb9a64e6f,2,train,56
8d0f353e2,5,train,1005
f247a5242,4,train,260
49d4a0adf,4,train,116
7e3c6f81d,1,train,57
9c680abbe,4,train,37
67c9d22df,1,train,159
0090eb457,4,train,269
0b6064845,2,train,534
1f6fe20fc,5,train,53
2cde24ccc,1,train,1264
c222a4955,5,train,420
65470d9c0,3,train,592
c00b7ba5d,14,train,1221
683f1dfd8,3,train,181
8813e5e4d,2,train,336
10e26690b,7,train,204
b6f1e40a5,14,train,171
7b052d37d,19,train,509
5dc7d3dc7,18,train,377
c7c99d389,3,train,73
d2f216860,3,train,325
d605cb217,1,train,137
9d4e91ab0,8,train,603
9942bce62,6,train,691
e0667be3b,6,train,476
c0ca6dd73,1,train,103
4fcd7cfe0,5,train,61
9625d0998,4,train,83
8773f250c,9,train,470
b2876d101,2,train,8
8988d22a5,4,train,111
cbf20c4b0,2,train,498
89e43a001,2,train,274
085c9be4a,7,train,380
e50570999,14,train,211
8a464e436,4,train,212
da8d56dff,2,train,546
e08e93f16,1,train,332
db23b96cb,5,train,194
bb78d1aa5,1,train,137
29aa0b74b,14,train,330
7395053bc,2,train,463
7413a61ae,4,train,589
9abb10f2f,6,train,420
58e2cf3d9,5,train,298
a0cc9df12,11,train,944
ba4f42314,3,train,311
f829fad2b,7,train,340
df0a5e6c5,9,train,530
3c30c4a49,2,train,768
5181f9924,1,train,340
97c13bdf2,4,train,166
fa1badbb7,5,train,308
d29d34cfe,6,train,854
abc69ab7f,2,train,572
4fc9dee58,1,train,335
6668ff629,4,train,513
a4ade8bb2,1,train,12
f9d566df8,2,train,75
8b85a3893,5,train,89
7e3d0e3f0,3,train,247
9f4a72311,2,train,109
f15a31a01,1,train,80
c1f738966,5,train,12
66064ba80,3,train,12
392cb224a,6,train,717
f205876aa,5,train,362
3740bcc5d,2,train,196
ba392c802,4,train,566
6b685abae,5,train,521
8b8489a24,3,train,19
6c5b48801,3,train,145
28dc83755,1,train,341
45fd43894,3,train,422
160dcaec8,4,train,411
0c200f7a6,3,train,81
3d9784a88,2,train,91
eff316e87,1,train,100
5ffd4e822,5,train,463
83703d7e0,2,train,217
84c1afe03,2,train,132
b912b1114,5,train,3100
14e52bdaf,2,train,386
9cf32e2a6,3,train,36
1377d2c0e,5,train,112
b859b9fa0,3,train,156
843738a2a,1,train,14
c8d2ed523,1,train,244
6d5afdb0f,5,train,54
2d06250ab,30,train,1435
823d5bd7e,5,train,820
fed799a78,5,train,14
4a56df934,1,train,377
85094deda,3,train,663
4a0d03a9f,3,train,246
f506d3fd2,6,train,1049
bc4e5abfd,11,train,1298
e7b3f752a,8,train,72
c20aa0352,5,train,99
655eaa578,4,train,33
21178f3b0,4,train,96
d18d572dd,8,train,44
002278114,13,train,3032
62f87187d,5,train,101
930dcdef6,4,train,48
2f346ac72,4,train,110
88bc9864c,3,train,154
ae64cc2e7,1,train,541
cfc3e65de,11,train,1052
69d95bc54,1,train,27
aef2fa931,8,train,322
0cf709a59,3,train,46
375a0eb3c,5,train,144
1d79d37b3,3,train,329
e15b26ed8,5,train,173
bddd63050,6,train,158
5bb4cc5d3,5,train,329
b96d69dc8,2,train,226
e28bad751,6,train,344
b188b50cd,6,train,448
f8619af42,1,train,102
4d20f6163,1,train,97
1fe561ed9,5,train,192
798ff640c,6,train,928
938bcb826,3,train,565
85587ad13,10,train,431
f5dc70d35,1,train,21
b2f21fe63,7,train,39
091a5da01,4,train,914
7d2fe6bb6,1,train,398
bd2f5699b,1,train,137
3ad53090d,3,train,79
207d61997,8,train,165
924373704,8,train,325
e0d18f038,4,train,242
1b1a68a60,5,train,393
a80687cf1,3,train,32
8660ad37b,4,train,153
23b3f793e,2,train,1112
a3d4585c2,2,train,47
bf2f87f17,5,train,205
d19f035bc,2,train,446
2a6bb49f5,2,train,78
4574e3de4,5,train,30
cccd16111,5,train,682
18553e89b,7,train,288
2256216b1,2,train,130
53037f091,8,train,201
10836809d,5,train,381
a906ff5f5,6,train,2936
331c0bbf3,4,train,150
03f0fc32f,14,train,460
49f3710f9,6,train,1540
f6c3b531d,7,train,655
e8e461026,9,train,215
a39ad6dc7,10,train,476
b09fa9385,2,train,92
8cb067b2f,14,train,355
d52f229d1,2,train,448
849ce39d4,4,train,55
541400630,4,train,61
919820452,3,train,220
302eb3771,10,train,482
c9cab5e67,5,train,1335
d8e7caaff,5,train,1062
66faa15c8,5,train,112
7cfb6fe9c,12,train,528
01928bd13,4,train,873
4f66fa0c3,5,train,156
b5295b0e2,4,train,269
92f84c5b7,15,train,472
58e24d608,2,train,521
ec40d007f,8,train,894
225f72952,3,train,16
2259cf6f8,6,train,162
fab063ed4,7,train,228
48317c9e5,8,train,568
846ca7805,24,train,210
c3106dcd5,20,train,1003
eb64e3d68,21,train,250
d899c9ef7,4,train,72
bce0e17b9,13,train,2259
fc3fbbb99,3,train,227
0adebbf21,12,train,456
8cce291a9,1,train,32
ff4d9a3c6,6,train,278
0497c5ed8,3,train,187
105c28771,6,train,98
5afa2e561,5,train,99
d5c4ef4c0,9,train,179
50fc25dbe,3,train,290
f7999c9bf,8,train,293
7a3471df7,4,train,176
e129ff4a1,5,train,391
b00e4262e,8,train,994
4f45bb293,11,train,347
776354931,2,train,297
aa2a3d9c7,1,train,516
e1d86f0b6,4,train,676
ebcdfedd2,3,train,705
a554dbeca,2,train,92
4f7bfcb68,3,train,404
cdd815db9,5,train,1213
3f5f5782f,1,train,34
b549fd8be,6,train,384
47dda9537,3,train,482
f895c20f3,2,train,120
a963a6979,5,train,225
70112a1b9,2,train,278
363e8df66,9,train,253
f0137d4e3,5,train,470
ddd7cc601,2,train,344
04f8947f3,5,train,281
16eefbec7,5,train,32
e54ee8e55,3,train,365
001b1507c,6,train,668
42dd3f3ff,8,train,218
a6e7b6870,1,train,80
6fc1c066e,5,train,448
eea30b615,5,train,180
88666f74e,10,train,545
09e39377f,2,train,136
69a1b02f6,5,train,246
00f3a3993,8,train,341
111748c15,8,train,189
faec94482,8,train,1071
a89005005,11,train,1044
90bc90da2,6,train,520
c42cf01ba,5,train,503
10bbe5ea4,2,train,156
6d7e560d9,6,train,351
9572f7e6b,5,train,490
7959e3491,10,train,1426
58805776d,7,train,207
9fdb3a2a2,8,train,965
1c7d56a42,3,train,52
5027f31e5,6,train,807
8ced67d36,4,train,183
cf9bc2dc8,3,train,397
a79983c71,19,train,375
15f89f939,5,train,241
61f95d269,4,train,269
1bb0600a7,4,train,125
8019d0c63,3,train,91
40d7cb083,4,train,213
188f8b07e,6,train,326
ec7ebdb47,8,train,884
da8cfd914,2,train,251
2398599fc,1,train,96
63a1fb887,3,train,154
81da09ea9,5,train,849
360dcecb1,8,train,16
2027f2dfd,1,train,182
ea4fe7ae2,4,train,1237
b3543dda3,4,train,237
9e2a19b16,5,train,301
0a14ac037,4,train,89
f4cf82def,5,train,566
4ad400ba0,2,train,301
752b2d9c5,4,train,488
73b5c37dd,1,train,51
cd81fa60a,2,train,210
c362cc3cd,1,train,161
270461683,5,train,116
a6bc8d1a6,2,train,163
94d65e361,4,train,481
28e14ee81,1,train,461
e4e128c70,4,train,242
7b25498d6,6,train,419
9296c9064,9,train,343
b129e668c,6,train,349
9ee7776db,5,train,97
c0a4d02cc,4,train,58
4040a04bb,17,train,300
0fb548aac,4,train,17
3697f94e1,1,train,204
b586e1ea4,3,train,510
00a1f270a,5,train,8
3eaa698d3,5,train,207
f86c83084,2,train,307
1c9a90078,7,train,638
9fab4e65f,8,train,2765
e128e9022,1,train,131
b43155295,1,train,357
6c1fa0fdb,4,train,117
71eac2c5e,5,train,49
6b3614a92,2,train,1613
b24b7d23e,4,train,101
45afc38e4,8,train,495
886debfe8,5,train,577
511b4a044,4,train,369
c0fe34d97,13,train,16
fc7f7797c,1,train,225
0b942f000,1,train,228
d042e55ce,5,train,18
6cb63297c,6,train,271
e4efae0f1,3,train,3
bdffad31f,8,train,551
ce0294cec,4,train,849
ffbc3eaaf,2,train,426
b165fe8b1,3,train,413
4a02b467d,9,train,628
1c7619fdc,6,train,334
2da9b0c2c,5,train,409
16e922149,7,train,147
c1917c88e,5,train,1944
f3082fa97,14,train,477
132a28bc9,5,train,34
b9dd5cfcf,5,train,547
39ef18e70,2,train,59
7b1c82382,11,train,1081
b8fda5b3b,3,train,564
8834ac7da,4,train,99
7caa6d216,4,train,156
c552e255a,7,train,286
e748f52b7,1,train,76
c53fb8a18,7,train,793
428877021,5,train,116
c3e1f5f86,10,train,135
9ac089108,3,train,764
a0490612e,2,train,76
660cd67ed,1,train,75
ea02306b2,9,train,477
f8213a645,2,train,175
ef4059fae,2,train,434
9e6d5d0df,3,train,156
3f2a40f0a,2,train,99
20e4dbf48,2,train,636
5b72e14bf,18,train,344
9c6fdbcb4,5,train,71
fe481f81c,1,train,79
dc76a1735,1,train,58
fc93d7cc9,2,train,629
27eedd440,5,train,21
802b1f331,5,train,351
21ae91701,4,train,290
4a8caef08,2,train,781
bdfe6125d,1,train,117
417c109aa,21,train,377
865619d53,1,train,312
4168bfd52,2,train,577
b02fcb74b,12,train,238
5ddfaab43,5,train,666
87fadb3df,9,train,837
3f3e1f288,2,train,89
6ac437438,6,train,1112
b8f94e1ff,2,train,99
5c1fa6bd2,7,train,158
bf537cdb3,1,train,479
eb8baed62,17,train,630
01231c438,5,train,340
5bb802fa1,3,train,466
30f92e1ab,1,train,63
2ab616a68,2,train,298
10554e146,1,train,109
59b6102ba,5,train,748
f7b533990,26,train,424
e31e27ce7,2,train,791
a3a0fa212,3,train,682
5eee1e783,6,train,227
2bf834f39,7,train,240
fe2cc3feb,3,train,379
1499fbe78,4,train,397
c3deb0697,5,train,230
bde802b84,4,train,275
bbf3097d0,3,train,262
bed675184,4,train,245
62d911513,3,train,268
c19e8ac4d,5,train,373
19cf5ba9d,5,train,395
d4d84523a,1,train,643
0ba16b529,2,train,107
6d1e4b433,11,train,415
8445b97aa,3,train,307
854edf08f,6,train,372
0f6488260,6,train,370
514319114,3,train,113
6c399cb06,2,train,2745
ccd3e236f,9,train,883
3afb76273,4,train,577
53a451386,5,train,332
a9bc357f0,1,train,277
4347c35e5,5,train,301
bd74f5ce8,1,train,85
52ec30101,5,train,1138
e2fbb0332,3,train,126
8d25867cb,2,train,106
9aa0e02ef,5,train,374
10eaafcd9,2,train,228
ed390241b,5,train,677
e69df38b4,4,train,309
bb2cbdb23,7,train,303
6c17339fe,3,train,472
f1b4a123f,3,train,148
81ecf4cda,5,train,256
1c0aa9866,4,train,742
d3ef2ebef,11,train,47
ab4407477,4,train,129
211b0aa56,3,train,340
c1a9d98fb,17,train,721
2ca38a180,5,train,333
af4483325,3,train,225
2fe1eb7b8,2,train,98
4c9f111f1,2,train,256
a7554fc9e,5,train,25
ac49bdbdd,3,train,533
168f1c6e9,5,train,170
1945e2783,7,train,854
88a5b8318,1,train,126
2148c2ef6,4,train,1217
1e0be9e49,3,train,25
a2ee6f2da,3,train,154
afdc5f01d,1,train,395
5548fa6f4,4,train,826
52ffdc6c2,1,train,87
cc607ef5c,8,train,152
55c827f51,3,train,122
f810c2cae,4,train,86
6366b7f4a,1,train,5
a79e1889c,1,train,241
3d13aab91,6,train,431
0bcb2c2b5,1,train,117
1238ed024,11,train,186
49f6a8909,1,train,255
ce18c7a4b,5,train,815
cc4670dac,5,train,111
13264f4f4,5,train,347
dbba10f87,4,train,141
fe056693f,3,train,215
4140b3b5a,7,train,667
5730742ae,1,train,60
b932b3915,7,train,732
4ff447944,1,train,521
d0b9282c8,4,train,186
e297b5ede,15,train,192
1c67c5f4c,2,train,16
d5ee02201,1,train,122
166092e21,4,train,215
36e02d379,5,train,132
07877aea7,2,train,360
619dcb4e6,3,train,647
edba94b45,2,train,185
0f4291ce6,5,train,96
c32940f0f,7,train,591
b0f2a1939,7,train,527
97a80f8b3,1,train,117
467faacc0,3,train,68
cd1e7ec9d,4,train,80
54224dada,4,train,211
90e582b0c,6,train,605
e5e06c8dd,3,train,115
08fb442fa,18,train,758
b652b7241,4,train,24
4325e9930,1,train,122
7f33563b9,3,train,564
8cc02d983,8,train,199
df6f884c0,5,train,1147
07914c759,7,train,232
e2db9e1eb,3,train,554
b9f90bdfe,6,train,558
7559336dc,3,train,300
9550556bf,5,train,1335
c36943627,5,train,551
6029e0ed0,2,train,29
4bdc7be69,3,train,183
9c76163ca,1,train,76
955e7c5cf,1,train,507
11543e9ce,3,train,6
9a591a8d9,3,train,1811
f8204bf7c,2,train,174
4df43033d,7,train,291
db745332f,2,train,100
7d3dd49c5,3,train,91
775d4b52e,1,train,50
a8f2a5210,4,train,51
2def0a43e,15,train,59
da34209ec,11,train,1363
282678629,5,train,343
04bad9310,6,train,1328
34d5748f7,7,train,1211
e0dc745da,2,train,58
ee0eff05e,4,train,264
7cbad35f9,3,train,143
ff832cb7e,5,train,275
b52b8d946,1,train,221
072bb91b4,6,train,161
9295d02bd,3,train,314
73066f6ff,2,train,231
5daea1779,1,train,228
29fd25bc8,3,train,191
70aeba909,1,train,115
5e6a7ea61,2,train,258
bb2c896c5,5,train,88
eba013abc,3,train,147
7023f6b45,5,train,668
060d1de98,5,train,562
b49012dd4,5,train,12
f4ed1a08e,2,train,627
0e12b9baa,3,train,155
fb9833d4b,5,train,338
a63f6c6a1,10,train,4549
7bead49ed,4,train,160
acd81a109,13,train,1044
628a224b2,1,train,835
d61dd6a6b,2,train,732
b0ad07cfc,9,train,185
017d966eb,5,train,395
7b84a3913,4,train,228
c763886a6,7,train,197
9d4f21d40,16,train,848
f288b4919,3,train,326
81fddeac7,2,train,277
769d800fa,5,train,543
e1c5d6ba9,4,train,138
8f38dbd18,9,train,275
7a7f8a828,3,train,545
beea1e1dd,2,train,79
cf357f057,7,train,221
fee0b4da6,3,train,425
809ca8efd,6,train,480
a996f1370,3,train,39
9804a7d82,3,train,309
ae58f28bc,1,train,132
c9c023b3e,2,train,19
5f1a700fd,6,train,997
bf9fe33d0,2,train,458
47caf7ad1,2,train,30
d1a11cf42,4,train,95
248c027cb,4,train,354
ac6adc2e4,3,train,12
983879402,3,train,257
cbfaa79cb,6,train,696
7811bdd84,1,train,68
042dfb970,5,train,292
7494b6aa9,2,train,746
ce9d5fb9f,17,train,536
03c49f5aa,7,train,140
423c5b45f,4,train,754
2260ef0a0,5,train,14
05d8b5a9d,3,train,54
7ecd54695,5,train,557
9726ab93e,6,train,915
bd331b74e,8,train,769
5e7db4c54,5,train,129
ab0bb2f5a,1,train,446
a61776aba,14,train,472
1b7d01262,7,train,481
a76fa694e,2,train,714
79a9a7b05,5,train,260
1a1283447,12,train,1160
85332d295,3,train,81
b2a23ac85,6,train,130
2ef8bed36,1,train,187
0910c13a3,12,train,12
949fbd095,6,train,80
2d7a45689,4,train,203
9427b3749,7,train,227
ccb7df174,7,train,1718
68e6f19f5,1,train,255
e5164d828,2,train,167
a56d6eceb,9,train,746
577c72b39,3,train,581
b1be2a9e8,10,train,250
2e65d72c2,5,train,677
b06c1ad30,2,train,253
5ed271e0d,1,train,75
eb4c66e7a,5,train,339
6648175ff,3,train,14
ab4b4681b,4,train,24
bfcbca117,5,train,165
41ee53918,3,train,499
d1a67cee6,8,train,302
3e26edfa8,5,train,174
3af14a63c,5,train,14
6198e214e,5,train,459
43b6e3f2a,6,train,176
bf1762a3a,3,train,397
e1dcf0e9e,17,train,557
2dea0707b,1,train,79
9d0406864,3,train,88
6333963fe,3,train,298
4d101a0c3,3,train,388
d3b017517,1,train,238
504e4ec84,3,train,64
96477b249,5,train,268
b822d0566,5,train,510
0850d4334,2,train,112
b543331f4,3,train,74
c0b1f82b1,5,train,320
e13488562,3,train,200
25079d00a,1,train,143
46b9595d0,2,train,436
13e385580,3,train,154
ae3a99b36,5,train,497
523aeba08,5,train,648
982c6aa5b,3,train,355
133a0db2c,2,train,117
160e267f4,13,train,159
48cd2ebaa,8,train,486
26cd1c2ee,3,train,426
2b1582f99,4,train,379
9a0db11a9,2,train,159
48dd9f35f,5,train,519
694cc5569,12,train,820
1effd827e,7,train,117
10337747f,4,train,297
370d9c1ba,3,train,112
4a6fea502,7,train,98
42ea4ccd8,3,train,395
796cc971d,3,train,281
ec0fd1a7e,2,train,36
a09008d49,5,train,38
5f9a836f8,2,train,492
c3f2f166d,1,train,521
35b9530a6,5,train,85
3a7d3c17e,7,train,931
9252b5dc8,4,train,275
ff2cf88a0,2,train,185
f4060848e,13,train,26
392caeaed,2,train,511
09f31b13e,1,train,63
51d815775,4,train,678
1eb8a0278,3,train,248
ffd506899,2,train,76
fb999f812,3,train,121
343962804,3,train,338
3c1cc2c24,3,train,640
57f2482cc,4,train,317
a6416e28a,7,train,368
b28de653f,5,train,480
213cf987d,2,train,482
b42873eb7,1,train,255
983160271,1,train,1
846e720dc,10,train,146
412b8d565,4,train,292
28b64c198,5,train,204
2af9db4dc,9,train,347
8d6f10684,8,train,493
1683f03de,7,train,203
53549acd2,6,train,763
a809464ca,11,train,198
c69315120,1,train,59
a678a4342,8,train,13
5c2fdb3cd,10,train,166
9e935b385,9,train,158
55b799287,8,train,393
8e3473e81,5,train,547
61fa73996,2,train,30
43c8e589d,2,train,251
dd0d78496,3,train,88
727a1c793,5,train,408
6c9e1c82f,15,train,299
14bbc5876,3,train,157
0a0e8c15b,2,train,419
1a4a2e683,3,train,54
c3eefdcd8,1,train,195
973dddde5,9,train,477
a119ce67e,4,train,708
d840b5a02,5,train,312
11757c072,5,train,692
787086e9d,1,train,121
91bcb5a0a,2,train,171
e90451ea4,5,train,210
1803e4c27,2,train,632
5e5d1fc6d,5,train,121
672cc8af8,4,train,489
6c324e80a,7,train,335
1a54d4e92,3,train,255
fcc138c39,11,train,912
0c0508818,1,train,162
29778124f,2,train,580
f4c27e753,1,train,34
4464fa621,10,train,813
4a1274da0,7,train,128
3d1d0f102,9,train,114
fe22cc3da,1,train,301
e8c9545c7,1,train,160
1c8a8385e,1,train,474
eb3b2ad1f,4,train,505
0cc3e27b5,21,train,697
a16f85c6f,3,train,58
6460390c0,8,train,12
b78b30c18,4,train,230
8a6f0c997,3,train,104
e995db95f,3,train,99
e4afff6dd,19,train,253
82c90e313,5,train,368
964b2fec4,3,train,88
fd717a456,1,train,192
bdc94bd91,17,train,244
89792afe0,5,train,469
7439df9c4,2,train,243
afab70239,14,train,231
269192694,3,train,1906
5d83f98eb,3,train,201
1dc24448c,4,train,199
530b7bcec,28,train,967
6a763a055,2,train,220
a528683b3,10,train,214
87f206cea,9,train,149
d7dc2efde,4,train,24
062f73a4b,1,train,12
f0788c412,2,train,67
2986194f1,2,train,262
48dd04601,6,train,552
082b9a2de,5,train,92
47ecc7ef4,5,train,256
53eda13e6,5,train,128
642ed14e6,5,train,360
a630f3a73,2,train,104
d77a6813d,2,train,163
429019089,4,train,578
be38039cc,13,train,344
b06d39b09,3,train,193
647284f19,1,train,250
fd6dd3835,5,train,174
799ea79a2,5,train,338
8cebbeec1,5,train,82
05492e461,5,train,392
41b98eea2,1,train,141
f11772123,5,train,250
8da3d6fc5,5,train,53
e914bdd82,5,train,685
b0dec8779,21,train,874
06f523361,5,train,656
24aaed171,11,train,70
5f20dde82,5,train,401
1d4adbcc2,1,train,79
5149bb7f8,11,train,302
a91761e54,3,train,86
437b01de4,6,train,515
b27f46ae3,2,train,262
ec8411943,12,train,175
df356def7,5,train,94
cd3cd5fcc,24,train,341
a6992bbc5,2,train,203
774289137,1,train,211
ea159d8da,3,train,280
404eab70f,1,train,202
9ea3739e8,7,train,363
419d296e7,15,train,1758
5adb4e661,6,train,514
007bc1db4,5,train,115
93f758039,5,train,154
fb5ef5522,3,train,23
d4bdcd89c,6,train,398
6c896760b,5,train,69
976cd59b0,1,train,366
2599e55c5,2,train,167
6a48f776b,3,train,261
dbd4f79ef,4,train,1661
acb614bba,30,train,346
373880ef5,4,train,12
3983e7c06,1,train,83
fa41fb473,5,train,50
41bbdb352,3,train,12
0fb490c9b,3,train,397
8685546cb,1,train,39
fbcadae16,6,train,604
879c40dfa,5,train,104
ba20d5a08,1,train,195
8a1e12a30,11,train,1763
a68361fdb,14,train,133
007ffeccd,10,train,135
c58ad77c4,2,train,1088
61338b2e9,9,train,623
91c2159dd,3,train,487
7711871ae,5,train,2957
1a47d1c94,2,train,109
78a8e1b01,4,train,21
b2937acb6,1,train,28
d8715d47e,6,train,2002
2023404f9,3,train,187
378406cf4,1,train,214
33add94a0,12,train,42
11ad894e6,8,train,427
12c4ed873,3,train,243
ed7cde89e,1,train,77
0e8c2a1aa,11,train,552
0a38a1059,5,train,291
f0b2787f5,2,train,91
29a08292f,11,train,2050
8f0468771,5,train,195
dc371c173,29,train,446
0b8e1dd80,6,train,247
1100bff90,5,train,511
54c5d6442,5,train,185
74c7373bd,3,train,77
8a9a4edd7,2,train,432
623138a05,6,train,166
1ffe668f9,12,train,520
400cbe759,5,train,115
077001793,1,train,491
dfa8ac290,3,train,289
119903786,10,train,457
87639ef4c,7,train,1007
7131cab79,10,train,423
e4277c6de,7,train,355
402799b02,5,train,98
e98e609ac,7,train,237
e24b153bb,5,train,1236
d0b98e001,2,train,264
86d203b94,3,train,124
d7a050445,2,train,586
cc515ec8c,3,train,653
a462b563c,2,train,42
132346d7e,8,train,89
de1f49c9d,10,train,140
7564c7b62,4,train,574
f93fe66ef,4,train,414
3397adec3,4,train,12
a81084ff0,5,train,365
2d88536fc,1,train,469
03a92a94f,2,train,122
a7b91a377,2,train,36
fc2012c7e,5,train,153
9468e2ed1,5,train,691
b88fa24c2,4,train,1159
ae4e546cb,1,train,161
a0e71d03a,4,train,497
f77be41c3,6,train,229
628fd5227,3,train,160
868dcd617,2,train,168
85114144b,10,train,252
5b22f97b3,10,train,474
0308c9eda,3,train,299
68f3cfdcb,4,train,846
d01112d4a,2,train,158
94af242ed,4,train,17
173fa657f,3,train,291
8cee52ff2,2,train,312
ec780b913,6,train,30
72d77924a,2,train,365
04c4a7493,2,train,217
1b932e373,8,train,70
af8138fea,1,train,252
2c46efe8f,4,train,205
bf90589d1,1,train,164
5597af31b,2,train,135
28ec2de89,5,train,12
09a41530d,3,train,250
34f6111bf,5,train,403
c7e61f3c2,4,train,790
a366ce2a5,5,train,624
07cf7d230,8,train,1040
400a15912,5,train,69
03f48e12b,5,train,77
b8d07c37b,6,train,520
25a834a2e,4,train,197
2caa6639a,1,train,311
0dfd484a6,1,train,157
5a4b92653,4,train,118
0a84451ae,5,train,527
acc76c678,2,train,750
98686f3bc,3,train,261
bc681e945,8,train,435
c7c6fc160,1,train,144
86c35033b,6,train,146
966598774,3,train,93
058394848,12,train,282
5b59ef7ee,2,train,92
0e9a2fed4,2,train,109
426132585,4,train,870
531e56f63,5,train,556
db2d1ccaf,11,train,640
ff498c903,5,train,306
8cd149470,5,train,281
63ddd39f4,6,train,228
d5a027e6c,5,train,1108
a05c489dc,6,train,1275
0658597c9,7,train,934
fce9a96ce,2,train,14
7678afa65,1,train,256
1976719f7,8,train,301
ea4cea375,3,train,710
036c684d3,3,train,413
3c0ca0676,5,train,514
ee6601d0b,5,train,2150
e2f5253f7,1,train,909
858854bb5,3,train,367
59a23bac0,5,train,255
a25a5ad9e,5,train,535
5e8f72190,11,train,246
23eddf1d8,1,train,255
1eb9e42bd,3,train,180
2ea25b63b,5,train,1148
637186543,1,train,395
360f2c8b9,1,train,449
2e553e40a,7,train,279
cad137e83,3,train,64
b8084fe32,1,train,196
67c74483f,2,train,188
a6231927c,1,train,346
d92c326f8,1,train,196
073f265c3,4,train,334
747359fcb,10,train,967
dcf2641f2,18,train,859
70a33ed88,3,train,601
975cf510c,11,train,285
c8a6c0351,4,train,1072
6a8f9aa52,24,train,352
08f54d056,4,train,368
a04c35bc6,2,train,540
0cb5ad250,4,train,430
d1a577692,4,train,276
93cdb10e6,2,train,321
0d7d16ce1,3,train,777
05bde54cc,3,train,18
59f987236,3,train,325
3e65ffa3c,3,train,771
802986a45,4,train,192
3dd380ccb,4,train,122
3033b66f9,5,train,459
e01bb78f2,1,train,110
064217ca4,2,train,318
eb900ff8a,11,train,424
fd48a560c,3,train,65
c0771fde0,2,train,12
f399cf0d2,5,train,89
af1035c81,3,train,118
39816161d,5,train,46
45a59c4e9,6,train,586
35c9855f5,4,train,248
59c9f850a,1,train,222
efb2cb92c,5,train,246
189a8292b,2,train,213
cd617c72c,8,train,581
f05665d6d,2,train,433
5906e36c5,6,train,601
f026fa4b5,2,train,267
f41112ee1,2,train,63
cb15b5fb8,3,train,161
799aad68b,4,train,285
fbb112b7e,4,train,209
4fb9fc3d1,5,train,459
c39c602a7,6,train,1025
65650b974,10,train,24
d06076338,5,train,105
603fa62e1,1,train,101
80bbb481b,4,train,126
6dd91ba4d,7,train,461
7f8f45a35,1,train,74
890e7be2b,4,train,547
40fdde0aa,6,train,458
45c718348,3,train,195
41c09806e,5,train,426
d433a5827,1,train,221
f48b3cebb,3,train,905
91736f444,4,train,131
559e15485,2,train,505
a878a916e,5,train,1550
59e7b5f52,8,train,92
271712276,6,train,662
a4ebfdf22,5,train,133
5a3599411,3,train,159
96b39751e,4,train,225
4409a68b9,6,train,327
10a6c97d5,5,train,219
ebdf19959,4,train,411
0058586f1,3,train,311
5da6b63bc,5,train,477
d2dd7e8c2,1,train,229
9ae0545c1,4,train,184
006d301e9,4,train,630
722beb3aa,3,train,183
0ac2e7d16,20,train,3454
0c49c9df2,2,train,36
047514286,12,train,919
469bd2504,3,train,18
4e290a43a,11,train,2100
89dd8e9e9,6,train,511
5742d498f,4,train,313
b47ab81c9,1,train,200
81d97fa9f,2,train,124
411792ceb,5,train,824
d60dbdd7a,17,train,445
8c7949266,5,train,322
2e4eb9198,7,train,27
16ff0c687,3,train,303
a22c43e29,3,train,266
b1239feb4,5,train,246
5943167f1,3,train,318
0133b0214,2,train,233
0eaa0e3c6,1,train,223
727b7e63a,7,train,737
8390dbef8,1,train,263
f45171393,4,train,145
6d2c3b550,1,train,371
f87c02978,4,train,299
6268d4d68,5,train,104
ee9c2fd46,6,train,1203
1250404cf,2,train,72
89c7be602,2,train,175
b8f60eb7e,1,train,871
0e23c4abd,2,train,103
1ce37d745,5,train,499
61c5987cd,25,train,1518
0ea337520,5,train,163
a9caf7e92,4,train,147
aa1cf9c0c,4,train,396
fa773690e,8,train,1299
6b240dd0b,7,train,2150
8fa705c07,2,train,267
8c93a6e28,2,train,276
603e173e1,5,train,478
8ad59da0e,1,train,12
aece30836,3,train,98
9ede28a9d,5,train,818
96e9f6fd8,5,train,325
943bcd4db,5,train,372
ca11826f9,1,train,12
f8fb0aa55,2,train,54
0e9eec98f,5,train,90
b48460ef7,5,train,130
d8d014d03,16,train,866
f57a5c0ea,5,train,191
85c65d28b,5,train,113
843f45598,9,train,510
21f945788,3,train,124
b91ac808b,5,train,165
b7910b841,3,train,217
1e34e1ebe,1,train,179
5042c6414,5,train,76
81b753aaa,1,train,74
2ddad75c0,5,train,12
b6a16ab86,5,train,607
27cd530db,11,train,241
9c443e54d,5,train,490
d919bd302,2,train,575
2d33077f2,4,train,182
e9df3ead7,2,train,137
1bb6183eb,2,train,308
0118db3a8,2,train,71
1eeb50e8f,5,train,54
b8bf2c090,21,train,931
9a1715a97,1,train,3493
207c30391,6,train,44
b75c41dd5,4,train,119
4b9f45715,5,train,153
cacbb858d,3,train,136
c1ed7562f,2,train,208
ebb34fea1,4,train,561
6ade0f2fe,3,train,56
f99149151,13,train,239
ed44605a0,24,train,386
31da37bc0,14,train,430
91298d5cf,3,train,110
8a99dadaf,8,train,442
bd4500e6c,7,train,307
fd279ad95,3,train,220
7bf8a38ee,3,train,392
e6821c448,5,train,91
cd091f4cf,4,train,258
598479067,3,train,228
296bafb6e,4,train,102
11b9089f7,4,train,17
3a4178fe9,4,train,246
1b71de34e,5,train,768
052160ae6,28,train,318
dcd75bfdb,3,train,669
26662f4f9,5,train,196
1e24f14d6,1,train,115
747125bc9,3,train,420
3f936cb8a,14,train,569
3e2c46391,5,train,483
ba6ea2d18,2,train,137
edf80e3cc,1,train,154
851302ab1,3,train,112
27104e464,1,train,72
7f5233804,4,train,757
cbd066eaf,4,train,202
194acc3f9,4,train,360
ed5f14fda,2,train,128
26e7f93e8,7,train,111
b1db8335c,7,train,274
4badb22cb,3,train,293
c18106b39,5,train,449
ec138f2a8,5,train,484
261cbe336,14,train,514
c3750cec1,5,train,277
f642366b6,1,train,144
b3c2305b0,5,train,600
a52a7c357,4,train,171
19470706b,2,train,173
c6de9b701,6,train,718
c011bc363,4,train,335
1f9b856e0,2,train,598
baf60f1bb,1,train,155
9eb042155,5,train,355
7dac377c6,1,train,226
dd074b8ba,4,train,273
19f4d65b7,3,train,303
5457a593a,3,train,156
578880eb3,12,train,1208
30669fef4,5,train,252
8526200d3,3,train,14
9f12dbf17,14,train,273
27a776558,3,train,360
c626f2f93,5,train,149
e11e6cf89,2,train,1702
d38fca349,5,train,1346
e362e64bb,3,train,99
b93a2c373,4,train,139
785413d29,3,train,164
bb9e47b4a,16,train,286
400b56d39,11,train,564
4ea111bbe,5,train,1001
3f222f11f,1,train,155
b13db9ce8,4,train,98
52ed9719f,8,train,634
3ff23c65c,4,train,412
c5b717bc2,13,train,436
f0a1f2b90,2,train,530
cd8af1bda,3,train,228
ab13611c9,2,train,153
f1164babb,1,train,144
16dc1188b,3,train,164
4195e3052,5,train,482
2dccbfd25,5,train,418
4d649e887,7,train,117
07227963b,5,train,161
62955be50,3,train,47
ae16e308d,5,train,144
2302acf06,4,train,645
cdab9b66a,3,train,297
1b4224c51,4,train,515
515d9508a,1,train,70
24750a30f,2,train,362
2ba66d1e1,9,train,1201
ea6129e3d,1,train,144
302d37427,12,train,1727
d70af36fd,1,train,18
03b0568b3,5,train,169
c49629a90,5,train,283
8cc2eea7f,3,train,42
d85a78cf9,3,train,5
847a8b31d,1,train,637
7316c548e,5,train,900
a41b62aa8,5,train,711
55f34f8f5,12,train,459
6ae5689d3,2,train,475
df07fa1b0,7,train,532
baf49463a,6,train,608
84efe95e8,4,train,412
b780980c1,13,train,1644
a970b89c7,4,train,384
8d650d311,5,train,1285
512bf1e8a,3,train,422
941880ea3,5,train,12
555e742f9,3,train,136
97b9ee40b,3,train,255
5b1e90385,1,train,150
7c4b2e0c0,3,train,836
ca0bf0760,4,train,674
ab38d2296,2,train,69
4c5dd1f7c,4,train,705
7b9cd9253,1,train,148
de59f42db,2,train,76
eb77432cd,4,train,499
0be5af159,5,train,14
f94c2a347,2,train,75
d7c6e0401,2,train,314
ff5e30380,5,train,93
6fecc5cf7,13,train,302
f8e3f9ddf,1,train,362
1aef9fc86,13,train,673
1ea9285ea,2,train,187
c62a2a817,3,train,301
7a2ea6461,4,train,153
e20655a10,11,train,587
98437e7cd,5,train,39
943e9242f,7,train,824
b12e22341,5,train,719
0e6f26f19,5,train,167
ce788268c,3,train,230
c9efae474,17,train,417
9031a7f4c,1,train,178
4529e91da,2,train,560
08d17d82a,5,train,823
900b47573,3,train,293
eca179f5f,5,train,916
f2fba72d2,1,train,136
938bcf142,2,train,325
181823d5f,7,train,322
6469bb262,2,train,160
e5bc7aaa8,3,train,385
5e4c387b2,2,train,1567
246c3850a,1,train,750
00b00d5c1,3,train,581
85ca390a0,2,train,134
27dd38817,2,train,601
fbae7b0d5,5,train,320
f6959f1ca,6,train,41
56f62a309,15,train,975
a34cf041b,1,train,250
bad8f7276,3,train,182
5c1890dc7,4,train,86
37a11cc19,5,train,596
1ce065496,5,train,511
b1d1e399c,3,train,124
375905770,3,train,184
b7d4318d8,4,train,526
870fc2931,1,train,103
bef49a74b,3,train,202
31144a6be,15,train,20
3ee76f8a2,6,train,458
c66f97de2,4,train,145
63697128e,1,train,84
3b2a0338e,1,train,59
3dab3050c,3,train,762
731a2ef80,4,train,523
5d822305a,2,train,265
0dca551f0,3,train,416
f35a5dd35,9,train,440
ab2c124e7,3,train,33
c444c2936,3,train,461
c29a364bc,11,train,561
504134fd6,2,train,228
6d9b202c9,10,train,286
5163abb6e,12,train,58
cef342d22,4,train,297
8dc7b3ffa,1,train,171
629df03ce,2,train,767
b8acb4269,7,train,105
5d45dae82,5,train,237
6c8487ccb,3,train,129
6aeef2649,2,train,1016
3feae3fb7,7,train,164
d09835201,18,train,530
1a6becd27,5,train,54
706a9cd5c,1,train,200
029c248a5,5,train,1372
89bdd90b8,3,train,370
960f1a1d8,6,train,166
fbcf2baea,1,train,351
c86c76857,3,train,108
e5cf352b2,3,train,432
c23b2926e,3,train,220
33eaf34b3,1,train,903
8dd8e4a4f,7,train,318
9d03d5988,4,train,216
2418f7929,7,train,2150
ac59f3533,1,train,94
250f59089,11,train,1135
50e061767,10,train,96
c79c98af1,3,train,109
1fdf2880b,2,train,305
d7a772967,9,train,102
1ce681aa7,6,train,103
aaf465c30,7,train,370
4bcc7910d,2,train,120
232aee73d,3,train,274
fded1ee28,8,train,568
0a8fc6614,3,train,27
31081d71d,4,train,568
f4316f2bc,6,train,600
be4acc363,7,train,132
818d4a56e,4,train,19
26716b324,2,train,61
fb9a1cf69,6,train,305
9a65d163b,4,train,31
8f72b332c,5,train,412
b32339429,5,train,196
06666dc09,3,train,109
cb05f298c,2,train,589
3bf7bccc9,3,train,239
0af536283,4,train,307
886d23c56,5,train,1558
54791dc58,3,train,146
a2b2abe02,5,train,189
23c4874d8,2,train,56
0428af8ea,7,train,92
43156136a,3,train,78
f0c26af32,3,train,172
efd269df8,1,train,106
e9e9c9efe,3,train,339
ded3b183c,2,train,12
2a92877f7,3,train,191
765039f34,6,train,566
3e2cc2690,5,train,2758
b0855d1dd,3,train,195
e1cd37f6c,4,train,12
d8de3a329,4,train,218
2d5eababe,1,train,331
003dd2e26,3,train,435
a8f17e0de,2,train,257
45bec4a13,12,train,422
98ae607d8,6,train,226
c292a8b67,2,train,189
b56b73e4c,3,train,403
923a7163c,3,train,110
c72bd65dc,6,train,12
622f08247,4,train,441
68936da8c,2,train,568
13dbd2170,1,train,371
660742236,5,train,335
176516c7a,22,train,347
46c44f7bc,3,train,289
d336e6953,15,train,145
9a3224461,23,train,718
d41773368,8,train,193
4c631dbf7,3,train,404
97d823486,2,train,310
3497c1ad0,8,train,701
24ee3b57d,4,train,141
f5bcc82f8,4,train,496
bd53ebc9a,5,train,17
728ed1c0e,1,train,144
8c2d37546,4,train,126
756eaf5eb,7,train,313
37965a7c3,12,train,581
30507c621,4,train,189
67e8df1d3,16,train,640
2eaab0cb1,5,train,1156
15f00daac,2,train,272
1b91e1082,8,train,1312
628e30f3b,11,train,548
bde1336b6,1,train,144
f91ffd577,1,train,217
39fc7e6d8,4,train,563
9cd7bfaa6,1,train,553
3285d041f,2,train,337
c3b89c2e8,4,train,419
c7d02bfca,3,train,130
e8261c38c,5,train,280
a7fd7a703,8,train,453
863947277,3,train,303
c56432da8,2,train,230
2bea067f2,8,train,733
8e01a6de2,17,train,268
eaef39ceb,14,train,1296
7ead795bb,2,train,586
1069c72a9,7,train,417
dd79180bc,3,train,318
37ea8d2db,11,train,449
4370b5ff7,5,train,95
ee5ceb065,3,train,128
a4b96c3f3,2,train,630
c08403e9f,12,train,665
3c2e29219,5,train,2084
122b47acc,8,train,344
21f4a6abf,4,train,433
166345ac8,2,train,77
a87f5839e,4,train,264
5a358b56f,6,train,97
4c1981df1,1,train,794
03edf613f,3,train,27
888c22eb5,8,train,253
f64f8a464,5,train,719
44ddc2e22,1,train,110
8b9d9a18b,5,train,142
f2be40d43,2,train,671
4036e0e12,9,train,443
21206933c,18,train,164
aa3409a07,3,train,255
a6cbd39c2,21,train,973
7611934a0,1,train,307
e9cfb355a,1,train,196
02fee7295,2,train,59
79f41f755,6,train,108
65266fe36,3,train,103
7d6847fba,1,train,101
a0c332aaf,3,train,607
f87489d3e,4,train,339
53964c5d0,23,train,331
7e8bab7a5,5,train,229
16002dd9b,4,train,33
382d948b1,2,train,248
3083ab744,4,train,69
cd7ee75c5,6,train,303
3fbc4677d,5,train,407
6bd434dc9,3,train,551
ec8c5413b,6,train,136
c5b782f4e,2,train,1377
705a6dffe,3,train,301
a7f58a6e4,5,train,425
e1f08c5b2,2,train,334
eda8eecc6,20,train,1876
de97498e6,13,train,3125
0cce7d218,8,train,202
e3b6b7d2e,14,train,55
ba54e88a9,3,train,636
0b817da84,1,train,34
000fb9572,6,train,139
460edc419,5,train,200
d66a55b13,8,train,103
331a745e8,7,train,202
fde58f7fa,30,train,363
33ddc2011,1,train,79
b7df87757,3,train,274
53bcfd67d,11,train,472
a19eea86b,5,train,344
f70251906,5,train,552
b268202d8,5,train,113
29193bf76,5,train,268
c85f29411,2,train,157
355cc5db7,1,train,41
f93283e0c,4,train,85
dba5f0e5c,2,train,681
28ce3c3ea,2,train,104
27c5bfcf1,5,train,719
28ef05fe6,2,train,162
f27a94272,2,train,156
4d3e3a146,9,train,640
f98750599,1,train,188
6cfd5f1b5,4,train,90
69f4a00df,3,train,233
12653b9bc,3,train,185
a963b8732,2,train,100
a3cc5de2b,6,train,1132
706d1c836,1,train,114
4c6048341,7,train,275
32ad56035,3,train,347
1663d062c,6,train,79
742cced96,5,train,514
b16b24c21,1,train,39
0ed23a049,5,train,285
200a0df49,3,train,19
a99e4b365,10,train,187
ecd574ddb,7,train,603
560232264,4,train,859
cae004390,5,train,1091
1927c2ed2,4,train,1571
403cf8d32,4,train,149
41487b069,5,train,508
53f434ae8,17,train,178
8d047d078,1,train,135
8cd96bf75,3,train,263
04af86059,3,train,294
a4c8f64c1,4,train,337
b533529a6,6,train,210
d870d5767,6,train,823
7e1af1787,5,train,121
00c71a320,2,train,123
27a7a1795,2,train,165
65f311c09,2,train,655
5b3559bf2,1,train,348
e87214dd2,5,train,224
49fac4dc6,2,train,291
457de178d,3,train,867
e8ee48e12,3,train,733
b102f525b,3,train,610
83dff4077,5,train,160
283ce4b9b,8,train,130
3e6fa700b,7,train,330
14084c784,2,train,14
5f19552c0,11,train,141
01c202740,18,train,83
076ec7e18,1,train,350
2fc5c49c1,5,train,211
bb0dddcf2,3,train,120
207c24fd3,4,train,494
71419d422,2,train,168
86c08e68b,4,train,309
9a798bc44,3,train,244
076a67405,1,train,376
9c70eee7b,1,train,430
f19658d12,6,train,283
dfb0b0928,8,train,89
009239f92,5,train,250
e7dca0b2b,6,train,124
ac7edef88,3,train,72
a2c44393c,6,train,75
fb82bfecd,2,train,171
32ac38a9f,13,train,2858
037b1c131,4,train,180
b7d2f8186,5,train,65
3a88e6c8f,1,train,326
1cdb5d61f,26,train,864
791e6dc19,1,train,164
b2566d195,5,train,479
2ece6b26b,4,train,562
9bb035799,2,train,83
642b0dbac,2,train,106
97e47e7c0,7,train,213
a8ba4dfa1,2,train,229
443682c9f,3,train,72
de445d837,1,train,302
648727065,10,train,114
3f3962d65,3,train,1847
edb154f1c,11,train,861
f4948a23d,4,train,136
ece99daf7,3,train,56
c0858dfca,4,train,2349
f3b29563b,3,train,349
92c42a055,5,train,740
8e7c16add,2,train,242
46d9b2934,5,train,41
23379775f,10,train,433
6d1d7bcd8,5,train,101
6c736e9c1,6,train,145
f69bd4b27,6,train,261
e9ec4d543,14,train,582
0b01864e2,3,train,24
3a7bcfea4,3,train,370
a2c9be724,19,train,401
82a97cd8d,1,train,70
199fd5d5f,4,train,879
f000f169a,1,train,98
8eece1c0c,7,train,448
29ffe21fe,11,train,297
cb474120b,4,train,178
d9033fea0,5,train,104
eee0b299c,2,train,18
8f32c880e,4,train,86
3695274de,3,train,156
0cdb80095,10,train,165
b63d76ef4,7,train,365
e27ac6865,13,train,334
d42b92c05,2,train,276
22d9719f8,2,train,88
9feae89ad,7,train,817
4792b6d06,5,train,24
8ccaceef5,4,train,243
bc2fdee71,3,train,74
984efb177,5,train,412
f5bbf322d,2,train,483
f5d7daf1a,7,train,413
1cd970978,2,train,249
07558410c,5,train,222
abe9e2d91,1,train,203
90489eccb,1,train,149
8054aad26,4,train,751
adb97bde0,5,train,90
97f0a97ef,1,train,0
092fa68bd,14,train,1146
e488a36cf,2,train,67
081c2daa0,3,train,12
3a9efa973,1,train,557
906083f6c,2,train,520
02468e968,5,train,202
fd8f64c6d,5,train,1140
89bec6af3,8,train,730
872d79999,4,train,432
73a17e201,2,train,243
176ef71db,5,train,3134
094c2c3bf,2,train,363
b560efa40,15,train,121
940b0ad69,6,train,860
a40116bf1,2,train,45
5c4742e35,5,train,93
16472756f,2,train,149
d2dbe8b09,12,train,211
f555570eb,1,train,477
fc8c8d169,5,train,1520
ff125cf8d,1,train,218
e617dd078,5,train,81
0fe8ffc8e,14,train,370
c05adb8fe,3,train,218
79ef1fd27,7,train,408
ded8d95c0,1,train,231
60f9fee55,4,train,439
feb06d776,4,train,355
357707ba7,1,train,82
734123308,17,train,1201
1cc98ed1d,5,train,591
9fe96f804,5,train,287
bc4b95345,6,train,593
3163e9acf,3,train,68
8f22842c0,3,train,173
e998d6d60,4,train,682
e6b28fc29,2,train,22
a55f8d58a,1,train,142
8b6690d89,3,train,695
3666cdd80,9,train,173
a8c555240,4,train,247
7f771cce5,5,train,173
951352bea,1,train,75
39b3fe88f,3,train,47
1da4026cd,5,train,268
9e1caf559,15,train,2489
4f75e3aa2,3,train,465
fa73b1181,4,train,380
37a8dcdce,5,train,424
4ffbe0538,4,train,191
80cedf6b9,7,train,394
b96e5f6a6,1,train,214
7630f3d6c,15,train,40
cfd4c95d9,2,train,709
630fe24e7,5,train,154
c504cbfd4,2,train,273
51a0d55ba,5,train,173
dae13a47e,7,train,714
fe1edf930,4,train,412
206db8d8d,3,train,91
dc4e92b83,2,train,262
245434d5d,1,train,186
05ab54e3c,4,train,275
e0e392bfb,13,train,262
d596aea32,2,train,751
377d9bef6,2,train,187
35bb8ee8f,1,train,142
ecba82fc3,10,train,841
7daf7af9c,3,train,455
382b4212b,3,train,127
a72ca4ed6,5,train,349
467aed7e3,5,train,879
800680beb,4,train,890
5b73a7ea8,1,train,116
63adeea51,5,train,121
b869dec56,10,train,712
ae089cd20,2,train,391
9cf741863,3,train,233
be579e6ed,26,train,428
308a16b6e,2,train,330
6c83d00bf,3,train,36
d1db8712e,2,train,366
f3c42e04b,3,train,632
650f2854b,6,train,213
d22eb6266,4,train,341
d1052eb2d,7,train,109
31104de48,3,train,157
43b277272,6,train,2224
cb9aa1b3a,3,train,153
db4995bf8,2,train,222
74f987b01,5,train,262
7e3680561,1,train,122
112ae92e0,4,train,194
46f656f13,6,train,174
3b1976326,6,train,137
e5317b212,9,train,289
0bf9dfa21,4,train,322
4ec25bc3b,4,train,0
6d18cc71d,16,train,88
cb0f41a00,5,train,463
31e2399a9,4,train,356
82ea3883e,9,train,37
a25c1fe02,4,train,56
91ef9278d,4,train,183
ac31057e6,3,train,87
fd32ce3ef,1,train,56
3e3743dc7,5,train,616
3a97c693e,5,train,57
b4835265a,10,train,1715
6f665c704,26,train,625
97bb6502c,3,train,118
f376f922e,3,train,16
8af1b11ce,2,train,8
1e39a9ea7,4,train,66
d38ce48c2,5,train,46
bea0802eb,2,train,542
c9595d1f6,7,train,320
ddc3af1ee,5,train,699
6464f2352,1,train,168
ac6d69d99,5,train,593
99be827e6,3,train,645
76c073021,5,train,112
2455effb8,6,train,108
8ff66c239,12,train,364
4d7dd6115,4,train,271
fa7c7d1be,4,train,12
88819fc55,1,train,25
8af4db3f3,4,train,157
5a828ec3e,9,train,318
e56dc823a,6,train,530
24731a12c,2,train,247
66757255c,1,train,367
5c039d8c1,7,train,453
9e3e99760,3,train,129
eb4eef57a,3,train,417
49113adb2,30,train,981
093cce3a1,3,train,430
4e9a13862,1,train,285
3816b16b4,5,train,954
1539be087,3,train,595
5ba0605b9,2,train,190
d6c60a52d,3,train,307
ab48d21e0,9,train,54
83166fea8,5,train,511
a89fd1f1e,5,train,255
40b31be60,4,train,12
d1265050f,7,train,147
4ec9289df,2,train,67
3a3ae56f1,3,train,147
e46373e2e,2,train,290
f3755376e,2,train,324
3d6f14681,2,train,165
e333feca8,11,train,304
649930cc8,1,train,141
9b11972b0,10,train,393
6d18707ee,10,train,382
eb90062ec,1,train,319
461185d51,3,train,147
63fda9824,1,train,823
f9715a897,3,train,116
f304e7fb3,1,train,102
d4ec04b8e,20,train,810
dbf579546,4,train,526
fc2925be3,6,train,921
2e9a53eb0,2,train,19
0f15ed6ab,3,train,558
933da53ee,5,train,608
4f6a0e54d,3,train,536
7bda94ad0,10,train,1671
d14d62508,2,train,786
a90da3a12,1,train,579
3759a1d40,2,train,110
27ef6e605,1,train,27
060b52c3b,14,train,568
7ecaa8636,1,train,469
00b23513e,5,train,146
71f245b82,1,train,776
ff3d455a0,4,train,214
00e50c7a7,3,train,215
6341e0577,5,train,449
d8664fb93,1,train,170
65d10be4d,3,train,316
783a31182,9,train,1012
f600368fb,3,train,278
c32eb7405,7,train,587
3ee594f5a,10,train,2013
05febeea3,3,train,235
d92c5c2df,12,train,127
198a73c5e,1,train,390
393198f9d,5,train,356
d4bffbe04,3,train,157
1f7c7c248,1,train,30
457bdfb16,5,train,106
da4da9308,3,train,206
18cd75354,1,train,129
0eade2f7c,1,train,71
364e3ac89,6,train,2150
0ce80622f,1,train,201
619f26bfc,4,train,20
1d1f2ed1b,4,train,15
be7b65c23,9,train,335
e454518b8,5,train,178
d57b8c2fe,5,train,582
1534419ad,1,train,334
1e1727250,10,train,312
0b3b23c20,1,train,64
71e5aca0a,1,train,57
2b3fc0265,2,train,369
e825b8b9f,2,train,240
b6004bb5d,5,train,37
da5ae6aa9,7,train,180
8132fabfd,11,train,334
282139c6d,2,train,16
19d68bcc8,2,train,212
268cdb435,1,train,88
fdffad0c0,4,train,219
bf456451e,7,train,523
9ceada263,2,train,139
9495fed48,9,train,730
b26bf64a6,1,train,179
d3ec31e51,3,train,21
71e96f977,3,train,792
11a3fb06e,2,train,38
88cdc9a60,23,train,550
53b996932,5,train,53
3c8468196,5,train,588
1fba191e3,6,train,220
95b24de4a,3,train,270
640e18ef0,1,train,259
780dff088,1,train,405
236824e39,5,train,20
daeac2b84,8,train,635
15dc4c629,7,train,278
ef9154afe,8,train,132
b48b65ef2,1,train,103
9102809eb,2,train,424
0b110b315,4,train,828
e40368c38,4,train,138
c68bc0253,2,train,125
f64a1a0c4,5,train,20
c36ffffdc,6,train,130
8d83c952c,15,train,1723
5fc06cf73,5,train,403
6fcee4bee,16,train,226
3604fc814,1,train,123
ebe1f2665,6,train,924
b66a74309,1,train,35
3fd75e77d,5,train,34
288445cbd,5,train,724
2485efd0a,1,train,260
b0a24f910,12,train,525
0ff7245bd,5,train,199
0fc2dc3cb,2,train,209
4cbc3433e,3,train,12
a8a3c4f49,4,train,22
3308b3980,3,train,426
8c75e5189,4,train,408
1c4afcc03,1,train,2489
b5ce44276,3,train,134
6aa6cfaaa,6,train,611
faca11616,8,train,227
c1680e63c,1,train,91
fa27f275a,4,train,332
1a51506e1,5,train,381
fe4b30cfb,3,train,437
c6d39a0fa,4,train,518
bea8484a3,1,train,144
0d4e58071,6,train,161
bca099371,3,train,12
1aa3952c1,4,train,720
db3fce97e,5,train,100
f0063c5b6,3,train,221
600f8eb25,4,train,544
15e5b6d26,9,train,601
17c4b0394,1,train,238
40843af1e,2,train,210
f7b84bc3b,2,train,380
873996ad0,3,train,129
f3b4e3f5c,6,train,638
4a1702099,3,train,23
f7ada8363,5,train,192
c135c6b15,5,train,362
dd308e46b,1,train,27
bea72e6c5,24,train,490
f58424835,6,train,730
7f08520d7,8,train,239
0c28877b7,4,train,291
c4d225c88,4,train,16
6db506983,5,train,286
3e101e353,9,train,595
0c862b8a3,2,train,17
15b6026b1,6,train,280
a116545f6,1,train,489
a3449e0d0,3,train,199
c0545b660,1,train,38
6fc2970d6,4,train,277
1d5870131,3,train,19
14fb52f07,5,train,174
cbefe3979,21,train,1510
e3672355d,1,train,17
f104f8045,3,train,457
1253241be,21,train,340
f7bf646ee,5,train,1704
d09a7dda3,6,train,265
720db9cb3,1,train,40
15592a54c,4,train,254
0063bd7e0,2,train,47
ef70f3263,4,train,66
98caf2809,6,train,314
205dd56e1,1,train,549
4e1033fe2,5,train,916
093a35049,3,train,38
300c91d3a,4,train,12
bbcaecdd4,7,train,489
ad6e56af2,3,train,140
b41d5c9c4,7,train,362
e99eda1f6,3,train,190
f3a9092a2,6,train,394
c34b20922,1,train,74
1cc66d907,3,train,372
de08c8d31,5,train,1078
e303359a7,4,train,209
1f470d9f4,8,train,205
bcf13ec9d,20,train,23
61f0927c3,1,train,25
a86f09670,5,train,507
b35c61109,3,train,595
46c5fd256,7,train,1239
dde3750a1,3,train,251
923da13c4,3,train,37
ba4811f35,1,train,135
8b0ea16a5,3,train,67
b76e8c452,9,train,1380
03d59fc21,3,train,161
531452675,5,train,268
9849173ee,10,train,1037
514e33268,4,train,585
75f582ad6,4,train,179
6967987d5,2,train,575
764837930,16,train,697
94fc65b67,6,train,313
bcec3d919,5,train,156
6f863a03a,1,train,14
e742a643d,9,train,644
150bf58e2,5,train,561
f60779a3b,5,train,578
fcf5f5a0d,3,train,174
75bfbc825,2,train,575
5aeba57be,2,train,272
a4ba78b62,3,train,232
a8d14470d,3,train,74
a6fc65f2d,2,train,546
d5c68b3bf,4,train,288
2de32b48a,2,train,191
44817c8f4,3,train,88
c6cdbebfa,3,train,154
122092781,4,train,359
1652a3e1e,3,train,103
332ae5ab2,4,train,438
41e4cc1de,2,train,691
8dfe4da6a,8,train,584
c06d167ca,6,train,79
3219ad064,6,train,310
a9551ed6d,2,train,764
09af85878,3,train,23
796382bf4,3,train,221
678d21531,5,train,490
7aa58b134,5,train,147
2f3d368d3,2,train,252
d3692d2b2,2,train,458
c8bc66245,3,train,227
d096658bb,8,train,191
27ab49f1a,1,train,133
26d0bfe44,1,train,1898
1dff1959b,3,train,159
4f5205d2b,1,train,165
c6c8c73e5,7,train,744
040736f83,5,train,353
9b8a35f8b,3,train,341
e2b5913e7,3,train,1152
ac52ba660,7,train,197
923a03e90,30,train,2586
408d4d8e0,2,train,150
fed3c719a,3,train,320
01dac4b22,1,train,77
efeabd288,5,train,820
4540f8e9c,8,train,763
3ed60e624,5,train,12
b7135cf44,8,train,281
a5205f8ab,4,train,393
1b3492bde,4,train,93
de35c9f48,3,train,137
3e242ed8c,5,train,275
f8e3fabe6,13,train,705
1076dcc35,3,train,230
6c44c99ef,3,train,65
797725280,4,train,178
3006cd3eb,7,train,72
daa73505c,3,train,74
cd7bea671,3,train,91
f35683806,3,train,404
121c5faca,8,train,132
811b66c3e,5,train,479
eeb60466e,5,train,683
30319970f,5,train,296
e4ab25214,3,train,46
35ec69571,3,train,60
7d86df9b0,4,train,206
695ae7cbe,5,train,101
1c07c6ee5,1,train,201
9725bf4d2,4,train,162
9f1ba804c,7,train,75
45ba264f2,7,train,240
5ab4a7a66,4,train,31
19cd32fd6,4,train,195
ee8ddae7b,1,train,166
b4d0c60b6,21,train,984
e4aadf23c,3,train,1116
32efae9d5,1,train,142
92b89a666,3,train,14
181fb7dae,3,train,244
e653e3c51,4,train,12
8e8080bbe,8,train,354
5d00ca4d0,21,train,414
4fbe0c2e5,3,train,73
2aaa0c8b6,1,train,297
85fc3c314,11,train,54
02a13b2cb,3,train,380
f50997846,8,train,218
08fc1372f,4,train,410
e66ee4be8,2,train,117
f5fd255aa,5,train,78
ba7ae0448,3,train,483
c1e816568,11,train,406
23d2b8824,3,train,237
0b90767fa,4,train,418
d65b5a052,6,train,73
5e5038eb5,4,train,150
fa94b21d1,5,train,710
fcdfc6cdd,3,train,281
9eb98f34c,9,train,136
85327438d,24,train,1490
0164a9cfb,7,train,1381
8910ea0f4,4,train,126
4c26cf05d,6,train,94
283d778d2,3,train,14
bfb19deda,2,train,299
ae6a2116c,1,train,113
6f93a41c5,4,train,195
9e4420002,5,train,169
24fad6b0b,5,train,309
c96423707,5,train,83
933b2b3d4,3,train,225
64904cb52,4,train,127
e4e5ea1d2,5,train,337
c27c5a029,4,train,37
e2e5b8ae2,2,train,23
fed43b600,4,train,183
ea433c341,2,train,119
e1b0baf8a,4,train,523
9827921f8,4,train,77
fc32f63d1,5,train,218
7c9e666a7,3,train,549
7821d724c,4,train,19
ec30a3b11,6,train,1036
e92d3d4cf,4,train,263
b30bcaab6,8,train,186
5bc5b43ae,7,train,225
9c1b4bb55,2,train,223
f8b702182,1,train,139
cac68ead1,5,train,31
3a916e954,4,train,288
83b705aaa,6,train,874
c8daba029,3,train,173
7fd44f9f3,8,train,901
3bedb1ef9,15,train,666
9edb2d79a,4,train,397
6d1c281f9,25,train,299
d605fa35d,2,train,222
b5aa74c6a,16,train,808
1fe400328,2,train,339
ae6db87d4,2,train,201
348665874,5,train,576
e0efe2c72,4,train,122
448770499,1,train,1533
e301ab49c,4,train,16
88c193102,5,train,370
41e792442,3,train,302
1ff51137d,9,train,76
117059fe3,5,train,314
68a603bc3,3,train,187
ba021efa9,5,train,347
37ae0cd69,2,train,294
172d395a5,2,train,12
d4ae1eedd,1,train,16
a72a34bdf,11,train,609
ca659fd81,2,train,3
d59322d58,7,train,338
fe1c36fb1,2,train,874
746fb982c,4,train,149
1f2065428,5,train,500
7977491da,2,train,325
870e7158b,3,train,453
03a3fb084,3,train,75
35fdb89c9,2,train,250
259dc7e9a,4,train,316
79314275c,1,train,68
60bf93971,3,train,129
15ee5f008,1,train,60
382e4bddd,3,train,22
b05d0484f,11,train,621
3653c9384,4,train,47
4e774a9c7,4,train,437
b38e94f39,7,train,376
22e507b33,1,train,178
9bfddbc4c,5,train,257
405b63ca5,9,train,144
eb4f09e0e,10,train,497
5980b0699,4,train,183
49303270e,5,train,397
28d20bc71,5,train,36
43fe381b3,23,train,784
eea0cb464,10,train,889
9ad6f6fae,7,train,421
747c82f83,9,train,208
0833744e6,1,train,271
002230dea,4,train,158
e40073625,4,train,132
7a0942d61,2,train,232
485bebd4f,6,train,866
508df8433,10,train,14
374b76068,2,train,167
a32e58f2f,4,train,442
cfb8b6b93,3,train,298
9185b2ed3,5,train,349
c82b8b2c4,2,train,65
e9b1363e5,5,train,27
4745e5286,2,train,1292
ed8703dd2,5,train,280
b73079713,1,train,562
de19fca23,3,train,315
96ad633d6,3,train,42
703105908,5,train,62
39d055888,2,train,92
30ca259ed,9,train,283
3fbc3ca27,4,train,836
d5262ce2b,4,train,251
10022add6,5,train,242
3befd2af6,2,train,445
105fd5ad7,3,train,34
833408fc5,3,train,127
3b1009a30,4,train,276
21fcd15c6,8,train,714
1bf4a2ca7,6,train,132
2bdf3471b,5,train,782
9296eb09d,2,train,127
4be1b15fb,4,train,254
df89a82ab,5,train,173
7810092ba,3,train,115
01c6d3224,5,train,95
2bbca459e,1,train,39
4059df1bf,3,train,384
f0e2f80c5,4,train,489
9d84fc0c5,7,train,968
04b073592,5,train,232
1ca147dd8,2,train,561
0c3f6001a,11,train,504
143760a33,1,train,672
db6082ae6,2,train,913
f6fac7b56,5,train,565
47aacf137,6,train,292
0a13e47c3,4,train,359
a73915bd2,5,train,1339
263e34731,5,train,80
eac9739c8,3,train,247
3b3ce72d1,2,train,351
c1816081f,1,train,227
9c91ae76a,5,train,491
ab385bfae,8,train,207
311ee8343,4,train,487
85f63b533,3,train,42
822193428,6,train,238
27b5a9db5,3,train,409
760c7d8ac,3,train,455
27e74e45c,11,train,116
fabc9bfec,3,train,212
4331ce278,5,train,141
6dd6775e2,3,train,145
ea2542b58,2,train,141
c5aeec694,2,train,173
30506e8c1,1,train,493
e24a30aaa,1,train,692
f1fb9506a,3,train,39
62887c0ea,11,train,375
896e76b69,6,train,587
22987c7fb,6,train,379
a8a2aecc3,5,train,788
ff7707a35,2,train,627
60d72fc85,2,train,140
8b9c38ed2,6,train,281
f4fb11803,1,train,82
ddd926335,1,train,71
db9af2894,12,train,421
82905a82e,3,train,578
cc8bf5e79,5,train,192
b9aead110,3,train,168
4752b5e0c,7,train,466
4f34d790b,2,train,67
02f63f8ff,4,train,86
409d5bc3d,3,train,233
6831a72fd,2,train,268
85952663a,2,train,579
603d1d51c,4,train,436
8f860b014,3,train,178
d653ae654,3,train,170
5e390710c,5,train,1587
7a23bdbdc,3,train,58
c79019195,5,train,881
7ea357093,4,train,63
65a7711bd,3,train,1029
71ec53012,4,train,191
10ba7efac,29,train,129
8947bf4b9,17,train,459
a9e4d6df7,4,train,105
adfa73768,2,train,10
49ba2ccff,8,train,425
5fc71c87e,2,train,140
6fbfd7f45,5,train,307
c6df796ba,2,train,86
88dbaffe0,1,train,107
63a542d16,5,train,445
94fa9ff25,1,train,508
029641a1a,6,train,405
6fe7448a5,1,train,23
53fba6573,3,train,906
e681e0cbf,4,train,184
948f580dd,14,train,301
00eced1f0,1,train,179
8100c2485,3,train,81
52d0469f8,20,train,1964
e66d0c392,5,train,530
81c442177,2,train,168
be07596c5,4,train,368
ae84e47c8,4,train,442
e669e318d,2,train,20
775da0afe,3,train,404
311157c79,8,train,174
a6c7f3a13,6,train,29
25ebacf03,4,train,20
b0b9f2902,1,train,141
156da1714,5,train,118
dd065921b,6,train,598
fe41e15d5,4,train,429
1bf1f95ef,1,train,40
eddac3328,6,train,232
a977f3331,5,train,623
8bbf5133b,9,train,229
eb6bb82fd,11,train,433
09807c555,10,train,521
de61ca522,4,train,271
c2fc23444,6,train,361
730a09014,3,train,180
9c64232b3,2,train,21
d37659c5d,3,train,221
6ca8be82b,4,train,229
bb32a589b,1,train,202
d1338d152,5,train,106
6f3f2899c,1,train,381
015fdb354,5,train,12
a2ac8316b,11,train,108
aaadb1aac,2,train,186
5f6931436,4,train,177
451bf38f1,3,train,91
00648f96f,2,train,159
8ae60c34e,3,train,332
efbe1f3ef,6,train,60
881aefbb9,13,train,64
babf0f6cd,6,train,355
3bef65169,4,train,230
493ab5d96,3,train,703
5ea1f2c39,5,train,457
a2a6b4117,4,train,564
d4e9f53c9,5,train,727
a9092993a,5,train,203
5bfb8da14,5,train,111
75f7beaf2,5,train,401
3dc8f1328,1,train,155
53abff075,1,train,116
18556365a,17,train,786
2608428d8,4,train,173
40276ec6a,5,train,94
229beedff,2,train,57
6e21edd32,5,train,650
975091325,2,train,91
c213bcac3,4,train,293
eff6d721e,9,train,774
0627105f6,2,train,507
fd71f9fb4,7,train,186
799c6852c,1,train,30
86228db7e,30,train,1134
5242038c7,20,train,345
5569b346f,6,train,1240
7f59b246d,7,train,28
02a084920,1,train,302
9403ac24d,5,train,313
f069c7c28,7,train,524
2db964259,1,train,265
0ede86b28,3,train,104
16316fb49,3,train,141
c6f39e0e4,3,train,215
fd60c4aa4,4,train,152
6120ace5c,2,train,236
992170cac,2,train,157
af6364af9,7,train,506
c7f20f68c,4,train,121
453cf6271,8,train,781
0c64363af,4,train,183
c5e4cfab0,3,train,404
a64ca36ca,2,train,924
43c623f94,1,train,98
46a5f0ba6,4,train,95
6e61a7b46,4,train,54
4f735cd71,5,train,96
3085ca2c6,4,train,147
86aeb2732,3,train,314
1a0ee9580,10,train,1904
19926213a,2,train,58
eb1286b1c,9,train,630
23f45d56f,3,train,104
bdcd82280,3,train,231
9fe4f4b78,5,train,61
ec4351554,2,train,194
7f5cb9583,4,train,214
1772727a1,2,train,14
682cbe0f9,3,train,662
1e4b7018a,5,train,12
938de268a,3,train,68
f612d5506,4,train,703
d3f157880,1,train,361
36731724b,4,train,388
5bfbb098d,4,train,732
ec5670386,2,train,88
27ec72a29,2,train,212
1aabe595c,5,train,299
aa03b987e,8,train,187
e73545fe5,2,train,280
bb74d75c2,1,train,179
a6fea1d1a,1,train,40
78fd8ce0d,2,train,296
3c25f4969,2,train,150
52d65015d,1,train,141
9579ad7a1,2,train,349
eb6c579d5,2,train,40
006ffebaf,5,train,878
f51667d46,4,train,120
e3a29829f,2,train,313
63f28922e,5,train,799
7df56218d,5,train,481
71f895aa2,3,train,165
78dff2667,1,train,20
9141b7803,5,train,348
b574af70f,6,train,554
0faf7f0ae,4,train,19
5ecdd04af,3,train,334
02d6020a9,2,train,88
b3995ad50,2,train,148
04a555b91,2,train,46
2ba9dfe93,1,train,146
d88f3ee34,3,train,123
5b928c0a6,3,train,138
5f5d44f43,3,train,449
b1e590596,2,train,374
620ebd7ab,10,train,350
b984a461b,7,train,1017
2c15f3086,4,train,375
67f174628,4,train,67
d95eabfe9,2,train,276
ff0b61121,3,train,441
e9b641d69,14,train,172
6ac7e0c51,2,train,67
36332af6d,2,train,900
abafdc972,1,train,196
86d87d5f7,2,train,314
efc478e64,13,train,1174
f393a9d26,5,train,50
a1093437e,4,train,1629
887b5144a,4,train,157
e7fdf6d1c,6,train,17
3658ee105,5,train,120
215345b52,8,train,376
556549333,4,train,902
c001a0b58,4,train,174
a929a9f48,3,train,162
18c3b1a1a,4,train,291
548df7912,10,train,260
a640f7cf6,3,train,8
f792e0ff5,7,train,227
4c2f127c7,20,train,84
6c62c854f,1,train,431
f368b7ef1,2,train,47
6ac38f654,5,train,591
7df257784,5,train,122
608a58c8e,4,train,12
4fd97d6fe,1,train,296
42e9334f2,24,train,2637
c0645d6c9,3,train,257
6272ed019,5,train,217
828f0e616,11,train,317
3b0b2a86a,5,train,159
ef86c51b2,1,train,1338
6d95c8ec6,6,train,49
43894825a,3,train,357
c90570913,5,train,266
6138cd70d,14,train,417
75bc667ae,8,train,139
a37b96d01,1,train,105
42fc9a244,8,train,1982
e18cc7a60,13,train,2361
fc601e041,1,train,237
8f2946027,4,train,197
1d7e844a7,1,train,69
46feadc45,5,train,1070
967ee6c2e,1,train,290
a0c584c54,2,train,49
5e08b9ce5,3,train,115
3aa4a07dc,3,train,331
5d8c4f66b,4,train,168
f34d62be0,10,train,986
cadcd5ad8,6,train,413
803c3b444,1,train,651
b66a5bd9d,2,train,225
3a94fdf2d,2,train,190
b1170cc46,1,train,109
c3270683d,1,train,136
9ac5a9faf,2,train,317
fc63194d1,6,train,1769
61bf517f2,8,train,155
51226d067,5,train,69
f293ae915,7,train,671
d5a7d4dc9,4,train,303
6dcbe818e,5,train,462
d026d2fb8,3,train,299
474f23a3a,9,train,222
d5053eb47,4,train,384
85b57bb1e,1,train,117
12dce436d,3,train,192
975d32d75,4,train,157
c3208c19d,2,train,568
a45142177,3,train,69
44f198a24,7,train,238
c9ff29578,16,train,1463
a7676842c,3,train,637
d755e40d7,1,train,136
b64307878,8,train,103
6e09bfe1f,3,train,77
0b4a0d698,3,train,348
13d30c173,4,train,1027
631a6a27e,3,train,271
d43834f69,4,train,100
a44b2389a,2,train,127
7efd5522d,2,train,332
d48d94920,2,train,770
91d7bd3d7,2,train,50
ef30ade75,2,train,712
6d24fab68,11,train,462
28e86bb13,14,train,639
bded2690b,4,train,232
a40a8c0ce,5,train,475
29f5cedc0,7,train,827
42b4b0024,2,train,137
99aa7a5a6,2,train,18
3330252db,6,train,327
45904d2be,5,train,141
4ea31a03a,1,train,162
3517189ab,3,train,248
0d4e81870,1,train,360
02d644003,2,train,106
015c75c9e,3,train,288
796781fbb,1,train,57
69a15acbb,9,train,689
f00413d87,2,train,55
a031e3771,2,train,222
3f2d1ff6c,2,train,340
6a633ab6c,12,train,192
7aae61018,16,train,366
0b6457bf5,3,train,45
9d66ac1e7,6,train,450
442f853b2,2,train,107
7f40cce5f,6,train,632
b84058aa2,4,train,299
169184766,3,train,764
106f7b51d,7,train,88
aba00e1f9,1,train,118
fbb8a0267,4,train,366
65a98c48f,2,train,642
fd6c93d05,1,train,220
bb61d1c46,7,train,411
3ca057824,1,train,434
57bf84005,1,train,142
99ba6513a,8,train,1474
209e4f717,4,train,182
634aa14a6,5,train,781
9ccf125f1,3,train,90
2e3c8edaf,3,train,71
f38727a35,5,train,306
b07678538,4,train,377
2826f9095,5,train,354
b8715f663,1,train,442
bc7b17cd5,6,train,349
8e9abddf0,1,train,139
f21d7ec45,10,train,103
e30182214,12,train,482
cc5892ce1,3,train,222
0fe10670c,6,train,82
9f24a0672,5,train,500
b2b52ccf2,2,train,268
7b858c084,3,train,166
55ccb364d,4,train,745
e65a26822,4,train,743
5d517a321,13,train,852
18bc7bf4d,7,train,51
eda903960,6,train,371
a3740bea8,6,train,706
18dab2783,1,train,726
7b6f894a1,1,train,180
d3dacde96,10,train,630
01919fe72,5,train,418
3fa341801,30,train,3331
1f34d9c73,22,train,1859
ed9936705,7,train,44
360215e23,3,train,124
27e6b452b,5,train,428
e1c66420e,3,train,232
2e74deb7b,3,train,316
8dfe71419,3,train,53
a428c4daf,7,train,349
93eb14f37,11,train,74
be917151a,2,train,486
e1cd176b5,5,train,74
585a4d5b9,16,train,353
37c68c4a3,7,train,677
76b67f389,4,train,786
95e9ad1b2,6,train,629
0f1d071a8,3,train,616
abd7dcf2c,3,train,190
1b9b55f0b,3,train,279
027c23f6b,2,train,488
243925f5e,4,train,354
7ee6fe581,2,train,543
ff10041de,10,train,649
efc55563a,4,train,290
59bedbb97,3,train,502
e66a993a5,16,train,336
dd5d07137,1,train,185
c538efa0b,5,train,123
d7dd2c184,5,train,597
f7473aaec,5,train,491
087d71de3,4,train,156
661bcb904,1,train,479
54e7cfcc5,5,train,712
12b1bce04,2,train,230
f9df8656a,5,train,264
dc0ee2c73,3,train,602
5dff15fc4,2,train,587
8106b5f6f,1,train,224
b5f9a9c4a,4,train,161
09d9212f5,5,train,105
4359d65e7,8,train,29
8079e3a1c,9,train,1889
15f62e911,1,train,8
2abfa66d6,2,train,232
edc5c168a,2,train,163
42d2aa0bf,5,train,406
91efb738a,2,train,242
3005b75eb,2,train,149
6153f9d64,3,train,281
5c1f1a317,4,train,109
76b366645,3,train,231
dfedc8f77,5,train,285
dfaf47c11,5,train,241
04f7eafde,5,train,313
6cf7d415b,3,train,86
0afb7e845,7,train,711
ed9daa1ae,2,train,175
ca7c6095a,3,train,535
e3b39a9f5,5,train,35
9d7c4455c,5,train,427
8cb5fc48e,5,train,662
51d3a70bf,2,train,838
d87ff9c80,4,train,814
4a6dc2b1b,2,train,667
740d9759c,2,train,72
f54bef6d6,7,train,409
91fca388a,2,train,518
732fa3cb9,13,train,379
3f9b11590,1,train,257
837574272,3,train,157
33a6694b0,3,train,371
092418816,1,train,201
cd469a42f,3,train,181
2391fcc9d,5,train,132
c3a52fbbe,11,train,309
530aac28c,5,train,928
51398fac1,3,train,451
6c75b9082,4,train,220
03926867a,2,train,138
326355730,1,train,141
6806f15f3,3,train,118
822b31b85,1,train,21
6f94c942b,2,train,178
9ee370ef6,7,train,664
08dfce1e7,4,train,117
fffd9b5a8,1,train,191
cace2b412,4,train,188
9dca27ec4,4,train,158
5971c2462,3,train,73
d6d9a938f,1,train,71
b2406f38d,3,train,160
c228bf013,5,train,488
f2ac99dfe,2,train,103
34fe22f69,2,train,154
af49cf598,2,train,81
d473d632a,3,train,75
b3101cf5c,3,train,213
b77b75f2d,1,train,209
e02dbb6d5,2,train,678
79db05f63,3,train,2348
876dd37df,1,train,207
49d1423d5,3,train,232
9868c3935,5,train,735
0fd5ff08e,3,train,146
76c276834,2,train,143
1df182906,4,train,403
0e28a90f6,4,train,426
1b0d28fab,3,train,91
084e4c05b,2,train,600
85c4e7a41,4,train,279
a90d6fbee,3,train,335
0d6b8efdc,5,train,815
858b1443e,2,train,574
5aff9022b,1,train,46
915031b99,3,train,168
bcd601baa,1,train,473
56d3aa3ac,1,train,54
ca4224e0b,3,train,193
92fa4a896,6,train,29
1965d2288,5,train,134
6704c5fd7,3,train,613
3c6f9a4e7,2,train,408
c5d1b9bf9,1,train,135
0e61fe015,5,train,127
c5b5d2650,2,train,129
3bf1bdd86,3,train,41
70c811b9d,5,train,1407
a111adc75,5,train,771
468cec390,4,train,615
64c1c412b,6,train,205
a8d44452c,5,train,254
9e0b14cf6,14,train,495
c275f0975,5,train,632
bbfc8a037,14,train,815
14631d97b,6,train,531
fe3e235e0,3,train,443
67888f9fc,4,train,2150
c6556750a,3,train,114
10e1cbfdd,6,train,60
38a780df6,2,train,211
3060d192f,3,train,340
d8b05d43d,3,train,256
69a1c3147,6,train,101
13bbf723c,5,train,635
d2d48985e,3,train,69
f7a7fc91f,5,train,282
8a6f301fa,1,train,69
e89b02af3,5,train,91
b00d0fe1c,3,train,639
59d42b6bb,9,train,928
3853ff1dd,10,train,44
0149d04e7,4,train,648
d9f692e74,6,train,2481
1ba7bdbe6,10,train,97
865ee6652,6,train,239
c4be004d4,1,train,12
78b07d4e0,1,train,75
9dd1cdd52,3,train,34
63cc8aa47,6,train,104
d17892c89,11,train,814
8e6e57951,5,train,430
a7560614d,2,train,79
5b5e81279,5,train,118
9b9976e20,3,train,205
b9429dc85,4,train,342
24e2e049e,1,train,122
9b344389b,5,train,410
1bbf00182,4,train,176
7196383a7,6,train,378
00be0a63e,3,train,264
201ea7802,2,train,134
70f92bae8,6,train,499
3d0752cd9,5,train,643
58a79a8a1,8,train,783
7c1f20f6e,1,train,1242
0ac81fcc4,3,train,151
460426eb4,29,train,118
9f01beeef,7,train,112
c4835ee5c,4,train,103
20336bf88,4,train,106
4525391a7,5,train,638
a8e5ae23a,14,train,271
b7b07aaec,3,train,49
5d32494f0,2,train,328
3099254c2,5,train,840
ed74a9822,12,train,238
c61aef5bc,5,train,77
07cc0ce27,10,train,1782
1d4574c90,5,train,739
29edf6e20,3,train,56
c9928594c,6,train,965
ab2e61df2,6,train,21
7dfa1e78c,3,train,22
6dcff2b5b,5,train,42
2d8b42d21,6,train,213
427343625,4,train,12
f849d1829,1,train,327
ab4ab38d7,5,train,319
b7e7c5c9b,6,train,73
ea055de86,26,train,733
800a7c025,1,train,249
fc7706b56,3,train,69
faf6a8cd0,6,train,160
8c7dbce06,4,train,1046
38f6f3011,4,train,128
6afe7ee11,5,train,96
bf87b176d,4,train,342
918ae2c95,5,train,392
a578345c4,4,train,61
c565589a8,4,train,12
bbab88df0,1,train,225
cf162bb42,2,train,397
e257f17da,2,train,461
dce7af31c,2,train,527
d8c6c546e,10,train,527
048519a46,4,train,231
51020fbd4,5,train,667
98b1b003d,6,train,105
3c6329c92,6,train,487
7a860f4b4,7,train,17
c5db00aa6,7,train,189
0d551fb5b,1,train,145
ae4ab31ec,11,train,306
8d6b89eff,7,train,389
8facdc86a,5,train,514
0e783a2e1,3,train,20
f0f9efd52,8,train,707
33f056cc7,2,train,459
1f25222ce,4,train,659
9e557af46,1,train,64
301e16ab9,5,train,28
6d5fc90f3,3,train,481
7d1ff4264,4,train,274
9c3f9ca37,2,train,255
9951dff79,4,train,364
0806f9e3f,5,train,270
ae1db9841,4,train,294
dfb8034b5,3,train,415
d9dcad5b4,5,train,130
a9f395ba8,6,train,214
53561f52b,4,train,455
76d3ef2a4,6,train,170
2e1de0bba,1,train,197
67b1168ba,2,train,384
3bb86aa8f,5,train,296
f662bdf71,9,train,166
23adab0a9,1,train,156
bf9ce53b3,9,train,799
9a4bbdd8d,1,train,124
7930e4752,5,train,310
c36860383,5,train,407
6178884d1,5,train,105
005afe792,11,train,693
8a4e70a21,7,train,389
23bcfa015,2,train,589
af843bbce,13,train,339
0f0f81a37,3,train,164
5dff45cff,3,train,118
7aa682539,14,train,93
52c15bfee,3,train,173
f8d98877d,6,train,290
3947180ba,3,train,354
8e6223402,6,train,121
bd6a6d0dd,4,train,507
b6f77d754,8,train,302
516646a4f,4,train,312
5cabf5331,3,train,375
083687ba1,3,train,2150
44594e996,22,train,125
4fe4122ca,4,train,302
ca967745b,1,train,887
f095385ff,5,train,319
ad5118660,5,train,118
bb2e480f4,2,train,256
72482852e,3,train,21
469aab50e,16,train,169
ad937498b,5,train,316
eefb8d885,9,train,71
4d7573c5e,4,train,47
b497fb8eb,8,train,565
42d565331,2,train,527
5264d253b,4,train,211
72f891e55,1,train,59
79d32926c,7,train,415
ca92437c1,5,train,203
fd3172797,11,train,1584
a07a65495,1,train,579
63e388a8e,8,train,601
15e5b0e7d,1,train,154
a36e3c034,4,train,391
cb307f308,5,train,514
f45176c4c,5,train,58
35fc0fd89,4,train,335
21958b8f8,5,train,899
bc8bbffa4,4,train,192
0b3deeb66,3,train,18
352ba3335,12,train,326
736b228b9,4,train,991
ab7ccc7df,11,train,171
72ec92880,3,train,154
6d59be88d,8,train,12
d8d840693,5,train,341
5d3c9feba,8,train,95
a1be4d855,4,train,287
f5fda5ac5,3,train,32
466862270,17,train,845
d7185ffc1,3,train,311
621a16b0c,13,train,808
921817343,7,train,301
4263cc9ed,5,train,134
9a770c49a,1,train,1302
f3551e91f,1,train,377
1894ab073,13,train,606
4bb09fefb,1,train,439
331c39c92,2,train,282
a5c1c54fe,5,train,216
cd2fd9be8,1,train,149
8ce613036,2,train,658
f18d332de,2,train,115
01ac09f2a,5,train,1400
54b6c1d72,16,train,1447
733ccdc63,2,train,370
d1632981e,3,train,545
96a35824d,2,train,47
0510d2767,5,train,151
16a371487,3,train,98
a1b34954b,5,train,521
94dc20e92,10,train,634
ded648294,1,train,70
b663aafeb,2,train,98
8aeff9ad9,2,train,190
d5e351a09,4,train,992
7390b70c5,7,train,1854
0e9c1385c,2,train,328
2ff35ef73,5,train,483
ad2423b1f,1,train,92
4fd755cc6,3,train,89
67af2d880,3,train,670
828ac8371,2,train,43
7dcbe3383,10,train,375
8f6b92b4d,2,train,150
e99c4a55d,1,train,119
bbbeb3ab0,10,train,963
26cb1c2c0,2,train,161
881a77dfb,4,train,177
8c131db77,4,train,627
1043aca38,5,train,214
9d876d83a,5,train,287
883e7d058,5,train,188
21c8d5f0e,13,train,77
c49480455,2,train,402
18286db6a,2,train,27
84998166f,1,train,160
b60bc872a,3,train,405
e7ab271b1,19,train,1140
143027239,2,train,860
f892c5908,5,train,918
726488db4,8,train,107
cf1b1b824,2,train,67
15bcbb6e2,5,train,407
47d68f63c,1,train,345
1b5fd0e44,1,train,243
e6d59d514,1,train,35
17d9c9586,4,train,833
c4ab38782,1,train,264
15a491e20,11,train,228
ee65ac339,3,train,956
8bd82188f,7,train,527
5c30eceb2,4,train,630
dc8359e75,1,train,309
3122253f4,5,train,58
f319a49de,5,train,533
24af5742e,11,train,438
f3abe5d8c,5,train,232
c6a2b6ae1,2,train,256
d277ab24d,3,train,157
ee4cb45ea,5,train,50
2208d2be1,2,train,815
94438a5c5,5,train,317
505c5d7c6,4,train,538
da6bb3100,13,train,157
705d4f296,2,train,461
52ff28c14,4,train,610
d0eb1073d,1,train,145
68ac3848d,5,train,192
182aa4a29,6,train,878
4e991c023,12,train,732
c6d91de2b,5,train,36
6d94a56ef,1,train,238
1c3f75c04,1,train,117
dd8e62b81,3,train,450
12ceeda09,3,train,27
810ae61da,6,train,186
4771e1226,5,train,143
794806010,4,train,308
2dc54e9fd,3,train,453
a9085cdde,1,train,816
6282ddf87,12,train,250
92a038846,7,train,719
c0488da92,1,train,125
1a90a4805,3,train,320
9467b9867,6,train,207
a561b2487,3,train,349
c014197ab,3,train,282
e2205b952,7,train,382
33aa18b41,4,train,344
ffebad2e7,2,train,176
79a352e54,10,train,348
44930f85a,4,train,40
73d7bb2ce,13,train,537
f2a522324,4,train,518
ccc88931c,11,train,347
1fd342e17,2,train,355
911464bd8,5,train,221
a8c19a325,9,train,1056
842b21328,2,train,502
8803fb1c2,8,train,520
d6e52b75b,12,train,1611
e4941c40c,5,train,404
97dc40c6f,5,train,807
0cd614218,9,train,1395
e2f718e94,1,train,61
11d50c573,5,train,373
c45a57747,1,train,143
8c9f6c718,3,train,12
c720ee024,6,train,80
57b57989d,1,train,435
1d20ba693,1,train,299
c11ca8051,1,train,138
1bd13d3e5,2,train,269
681eb7101,12,train,342
5360d72a3,4,train,12
29d752f7f,1,train,403
37865f566,7,train,214
5e74dfc90,1,train,244
bfdc4cd9d,1,train,27
91d238a62,1,train,12
e45ec98a4,3,train,304
b3a42fc4a,6,train,454
b23e29c89,27,train,2097
5e2bbb163,2,train,98
346c5abcd,4,train,1742
7dd780fe8,3,train,131
d0bc14f47,2,train,160
b3b26191c,2,train,599
77e679018,4,train,304
a85630773,5,train,606
e0811bfc8,3,train,130
5a17d8cea,5,train,129
69c1801cb,26,train,543
f9a962ccc,4,train,392
19904f24d,9,train,458
1f96eae14,1,train,16
73de2789e,4,train,301
99a0196aa,10,train,351
f0d254628,14,train,989
1dfcfe139,5,train,1800
9abe933fd,7,train,671
fe0a74b2b,4,train,475
58bfbd845,13,train,415
df6048227,1,train,149
c737c30d7,1,train,707
d3dbf1e95,2,train,68
f68a56b90,3,train,522
803594e09,1,train,84
9702a20bb,1,train,54
c8f4a2877,7,train,262
98567db2f,10,train,391
3c1370c6a,7,train,268
a0fb6cd44,3,train,529
705ce0ebd,3,train,291
d805a1c90,5,train,744
4eba3b5c0,3,train,137
6dc193313,4,train,196
3a5b2eb43,3,train,325
647fe8d68,5,train,95
1df948d0e,4,train,166
c9c5b665b,3,train,12
7d1d7a4f6,5,train,398
73013560f,5,train,28
24e2a6ff5,1,train,29
f58143fd5,2,train,387
2d0315769,10,train,142
2a64c0560,5,train,592
207aa47a6,6,train,101
ab599a6ac,7,train,232
2ca3f6d92,11,train,577
29e2ac645,3,train,162
1925aff9d,17,train,432
27e458086,13,train,348
f39fef7c1,4,train,91
110242085,3,train,310
cdd2cac09,3,train,581
fb9d3b9ef,7,train,145
d7a002088,5,train,169
15b5da7f8,3,train,193
1cea0ad08,5,train,213
01c62e03b,5,train,266
cedeef1a7,3,train,280
26c1fc882,5,train,914
3613869b2,3,train,91
d5df16a32,5,train,926
e248258bb,10,train,717
65b70bad8,12,train,1440
ffe2090b3,6,train,321
c70ffd9c5,5,train,419
758a6def9,1,train,141
8f2c9671d,2,train,46
a113449ce,1,train,358
059a68bf0,8,train,719
13f07ee9a,2,train,133
01e410583,20,train,356
b5d3858ae,1,train,160
b38dcdc90,5,train,124
cbf3467d9,5,train,165
521e214ec,2,train,200
fed21411c,3,train,602
19e701fea,5,train,154
9bbd8c277,5,train,184
39944ac3f,3,train,488
93e53882d,1,train,145
ac35bae60,1,train,208
fa21ddfa3,5,train,83
487abc5e1,7,train,471
8f42303f4,6,train,188
8f1ccbc6f,2,train,85
9c580ca06,1,train,369
d765ae877,2,train,138
fb8efea32,2,train,367
774bd5a80,5,train,299
bda2d149e,9,train,504
d8519e771,2,train,193
a24bb77d1,5,train,53
d3077e6b1,14,train,536
b56e6500a,4,train,159
ae30afe08,9,train,380
d51b2e785,5,train,284
83d15cf4d,5,train,1563
390e0a648,2,train,210
8db729086,8,train,191
7a7153881,1,train,24
5aefb7197,2,train,398
e16882f44,6,train,700
0ea7eaf00,13,train,329
a7d44898b,7,train,324
ebae250e9,2,train,767
df9cc49a1,7,train,12
7f4fb6f7e,7,train,352
bce56e27b,5,train,191
ee83e7a09,9,train,845
dff412d60,3,train,921
ef836c3d3,6,train,2072
4ba068d30,2,train,109
79d56bb63,3,train,313
81bc89458,4,train,211
9b0744be7,3,train,748
5bd725e47,12,train,441
51c72aa92,2,train,296
2a19120e7,3,train,693
233aeb07c,4,train,255
f514f45f3,5,train,205
ecf521843,4,train,563
105c00abe,13,train,717
68a6c1a24,1,train,170
75bd3a017,2,train,223
a9495309b,11,train,222
6d43edbe9,20,train,1748
972fba985,2,train,23
20f05426f,4,train,289
8229b256e,4,train,341
e42dea43d,2,train,355
bcda757a8,1,train,59
f15cd5cd9,10,train,126
7931ba838,4,train,438
19f38a3f0,1,train,285
b73a7ca90,3,train,121
d111847a0,9,train,777
15721ae3c,5,train,592
66409739c,6,train,113
b386d20ba,9,train,225
fa5957d1c,4,train,284
dd9ee4a38,3,train,437
8673a672d,7,train,980
e61d62489,5,train,30
cca88204d,7,train,212
2d63b7c4f,6,train,552
1f9a15807,6,train,201
82607d1cf,4,train,491
8d39ce00b,3,train,203
6434d0273,2,train,491
bdb6ebb91,17,train,1939
4a2ecd24c,2,train,87
1cc20af0a,2,train,238
bda06474b,3,train,450
b9005c792,1,train,182
88bffd281,19,train,707
78ccb8039,10,train,622
463be5788,28,train,1021
023979a33,2,train,121
f45b98b4f,6,train,1300
3cf8487d4,21,train,434
2b3387bd7,6,train,536
25c681109,5,train,120
7ddc32b12,1,train,330
f0ac9ee6f,3,train,99
dc1b809db,2,train,65
1303e86df,2,train,65
9ba39bba6,1,train,105
e77dccf0d,8,train,819
9e6da2bb1,5,train,314
5546a54ef,5,train,762
4248ee26d,3,train,305
0e7ca23c9,1,train,321
56147c737,1,train,83
5fb30c1f8,9,train,171
107d56dc4,9,train,268
876453f9d,3,train,8
cc3fe68d2,1,train,74
2f05bd40c,3,train,365
dc7dad1da,3,train,159
8b0fa13e1,4,train,71
09898b12e,5,train,296
011350faf,1,train,127
8cae4a15b,2,train,190
71f93d157,1,train,109
a9fdc3e4a,5,train,231
636389c7d,11,train,548
a4221001f,8,train,12
096c37d99,10,train,526
aa40c19c2,3,train,118
5419155f2,14,train,569
9ecb47019,4,train,284
34d903f17,3,train,230
00f997463,10,train,523
0b59a57ff,8,train,253
fab1170a2,5,train,242
fa87afa7d,2,train,2988
bb43b6a0d,3,train,404
6bf08dced,8,train,393
3facf6055,3,train,179
3069e2d3c,1,train,179
0fa25b7e5,1,train,241
5d3ee6378,4,train,717
145883970,6,train,140
d56553e2d,2,train,80
14f9ffbbc,4,train,334
eeb377c0b,2,train,71
04d4ce3a4,10,train,274
9316ce78a,5,train,126
146cd69b3,3,train,178
9907dde11,2,train,307
6d154eccb,4,train,50
aa189a931,2,train,131
5474cd2c2,1,train,20
f25e91baa,7,train,203
34d0c00d6,2,train,389
95fc36030,5,train,307
4fac67d06,4,train,12
63f01ff3e,4,train,243
c14b2f3da,10,train,146
4733d5e7a,27,train,389
5a7207717,23,train,994
472abccfb,5,train,214
d3740baed,3,train,487
c4bc89962,6,train,141
08b7e05a5,1,train,170
47fd4a840,3,train,305
c61869b9b,1,train,320
d99ea593a,2,train,488
b16afc5dc,5,train,64
6d1c4a5d5,3,train,215
895f73f14,3,train,169
01603d6e2,5,train,188
4f7fc967a,3,train,37
1a76d3ffa,2,train,147
8f1b39562,6,train,514
05abbab5e,2,train,23
179c21d17,4,train,118
55c23ed2e,9,train,655
6740be5a3,3,train,499
a8e79c8c4,4,train,163
ae03f99f2,5,train,871
026c5716f,3,train,310
87b60f563,4,train,89
e7a24f9e9,6,train,455
236dd6cca,15,train,285
92df22369,5,train,527
5a5463e17,6,train,205
d97d4b420,7,train,706
7cd4ec150,2,train,175
09db544ea,4,train,1444
f0885aa00,1,train,285
c59d7c9f3,5,train,422
bd263a880,7,train,116
50fe7d515,3,train,398
81734dbc4,1,train,23
09c7b610e,5,train,302
10949ac80,3,train,329
4e3586785,5,train,301
0e5d845dc,8,train,187
14831f659,3,train,373
916165c1b,5,train,774
a99a82e6d,8,train,306
cb0309848,26,train,142
146f076cf,4,train,188
2c21d7f68,5,train,250
d937730d8,6,train,286
370fe2afb,12,train,672
082a9b790,10,train,1416
e95d902dc,8,train,338
b5521c7e1,3,train,88
51f1d14b6,18,train,5289
e1e2b0af4,11,train,618
e3fa5b2be,1,train,145
9488e6011,9,train,199
a5f576bb1,4,train,671
ab67afee5,1,train,2150
b13e4afff,5,train,232
65e386742,9,train,515
95bc62678,5,train,402
ad111a12a,4,train,158
b48d47214,2,train,149
1adc56d3c,3,train,284
c16df543f,4,train,170
80a2e14af,5,train,120
7c9dc0791,14,train,685
18c7d13d3,4,train,85
e97e4eb52,1,train,533
9fb89d88f,3,train,222
1a5e5d34c,5,train,293
c87f6d0e4,5,train,882
cc2881a97,13,train,1033
9d9197e7e,6,train,468
c40b30ff3,1,train,74
b1bc7e3c7,3,train,188
b4226db5f,5,train,136
30ece8658,5,train,527
8491fa23b,2,train,762
95696f11b,5,train,189
aa32ec730,5,train,838
27456ec0f,4,train,287
e3e70d2b0,7,train,211
e93afb8ff,8,train,106
f5dc6f316,2,train,150
61d4dc56b,13,train,2092
052c95a93,2,train,304
948a1a82c,3,train,138
0bf2506a5,5,train,98
e2c365994,5,train,114
6308b5232,8,train,567
c96f9d3a8,10,train,1078
6d945f8ec,4,train,71
2857efde3,3,train,279
b74c47541,5,train,480
7b13bde34,5,train,31
7218c8328,4,train,27
d0c81c563,5,train,234
95708d284,8,train,1842
da56f7030,3,train,95
bc6abd32e,3,train,193
f90f6ca1a,1,train,38
37c989ac5,4,train,339
f780d04ae,5,train,135
152880177,6,train,840
e3fa09b97,5,train,472
8b8c51377,2,train,88
9a053dbe6,5,train,621
634f65242,4,train,253
db24c8108,7,train,308
fea9183f6,1,train,81
bc0b9984a,4,train,17
bc5ae0001,1,train,58
2e73c3dc3,1,train,13
d5176f7eb,6,train,756
57785dbb8,15,train,632
a5a240214,1,train,179
6bd1fee01,5,train,114
679dad3c6,6,train,886
a385cb92a,2,train,146
3779a7d91,5,train,679
71d834666,10,train,199
9801a0f9c,6,train,136
b84319e15,5,train,586
5893d408b,2,train,160
477d22816,5,train,957
d574448ee,3,train,577
ff43926c3,5,train,713
6e31c1647,5,train,451
c421064dd,1,train,105
eb79f1cfa,4,train,129
76aba4871,4,train,125
8dd958339,5,train,496
041dd606f,5,train,782
e6151d695,1,train,375
debec416c,3,train,355
785a95244,5,train,691
cac71d5bd,3,train,37
041cf403e,14,train,1462
86fe4ed68,9,train,1034
f867cc417,6,train,428
7a31d17c7,1,train,643
74ca92e79,8,train,149
ee640a6ba,9,train,65
5366eff00,2,train,256
7bb136045,2,train,1072
347be28a8,30,train,1292
dc99804de,4,train,287
564ad520f,9,train,586
c18984292,5,train,1110
560d2b399,4,train,313
9f2e4a2e1,5,train,519
df76ee4c1,4,train,16
e50d881a7,2,train,340
24fc91fae,2,train,743
e30bac76c,5,train,266
196f95fdb,3,train,338
950dd345b,6,train,2095
df89cc1e0,4,train,31
31eb7b312,4,train,261
34c4e74a9,1,train,188
9926c6e5b,1,train,35
eb5dc081c,4,train,45
7d11f10b1,4,train,49
f152b2fd4,3,train,155
166947bb4,5,train,352
9a48cc316,6,train,996
df9a4b31f,11,train,300
ec4849051,1,train,501
48c598ef0,23,train,475
2f60db1f7,7,train,744
559afad4f,7,train,462
dc589864d,5,train,250
86ff8539d,3,train,425
7b5bee232,5,train,432
b532e9588,1,train,63
060e4ed30,2,train,4568
2885ade43,4,train,112
fda733a81,5,train,20
8538f4aa1,4,train,429
ae4ebeb3e,30,train,456
8f7265ddf,4,train,1210
c18a1acc6,3,train,824
ef9196721,11,train,471
ce3a876b1,4,train,412
bc9c5a76d,7,train,1024
bedd7f1e7,5,train,381
0a9f9f178,10,train,803
bdff3528c,3,train,1292
8398c83ec,9,train,119
231ad764f,7,train,593
026c202c6,4,train,502
f3cb6ffea,3,train,534
aa68a3672,3,train,70
a31d4c0f0,2,train,707
e7b44276b,1,train,12
bf2f22377,5,train,445
536475bf3,5,train,817
db03ddc32,16,train,691
282c90ff4,1,train,226
d7d0b2194,5,train,1039
ea3ebc38a,3,train,1037
5ef0ffe23,5,train,14
4d76c16ab,5,train,14
c659e8a32,6,train,301
2c9f807c1,1,train,86
ca7a148c0,1,train,141
c29059110,6,train,1564
28cc87730,6,train,217
3821d75e9,5,train,297
bc7956085,3,train,631
cc22a5abf,4,train,253
f8710e158,21,train,717
9fceca5de,3,train,676
2c1c1b557,2,train,630
d8c1859cb,5,train,174
1c28dc555,7,train,77
4b3efcfe0,7,train,1182
f1dc8864e,4,train,372
6c7fc08e6,4,train,191
220e9aa26,4,train,914
f6ae0d580,1,train,1
b9f58834b,1,train,355
3f169c299,12,train,171
e40290fa0,1,train,58
62b9cb163,8,train,294
e04814e10,11,train,577
a831df76b,4,train,302
d92d4242a,2,train,348
dc94a986f,4,train,238
e80389ea3,3,train,190
e5ea737ec,2,train,868
3cdbf07be,5,train,933
2fcdfb0e1,2,train,38
19abfb0c6,5,train,867
6afc6acee,4,train,125
8632f7132,2,train,254
da8d4a273,5,train,229
3f50cc4fd,1,train,274
56e231a77,4,train,114
dae92dd61,3,train,242
c46e29741,4,train,145
4813a0d67,2,train,664
2739ddaa6,3,train,136
66fcb54d7,1,train,403
c44a94d4b,4,train,220
87bdcbcdd,4,train,382
6cdfd6a41,4,train,137
6c9382d17,4,train,86
e0e8d63df,2,train,76
85e72abd0,3,train,219
e68c7d50b,5,train,693
1ddc14ad6,5,train,436
4ea7c5d48,1,train,261
bb15b64ea,9,train,370
65180c32a,1,train,81
bec6cc26b,6,train,212
e0781fb0a,1,train,202
f39938992,4,train,47
1b1cf81d4,1,train,290
f70a1bf5d,3,train,442
ecaf2b938,5,train,66
92caf1d01,3,train,8
b66cae579,8,train,232
fceb751c7,1,train,231
ab4ef2577,5,train,65
1a4464471,5,train,16
0f9697729,5,train,279
133af5fc3,3,train,135
d56674978,7,train,74
1533ebfd4,18,train,1592
89f28de34,2,train,59
cbeb9fc1d,5,train,735
e20a1885f,5,train,507
17c5ded7d,9,train,130
c0e61e2f0,6,train,832
1afdf61ec,2,train,147
840949648,8,train,71
5780fe74a,2,train,194
e5bb33a17,8,train,332
ba6fee44e,5,train,357
14c70761a,1,train,163
859bcc995,5,train,198
09ef02857,5,train,245
91e8e97b1,3,train,563
4909dc5af,2,train,265
2b3d754de,8,train,420
36b7411f9,6,train,171
b589d804e,8,train,310
8e343f4df,6,train,594
c8e2a9092,2,train,37
39c02e302,3,train,319
c11df559d,2,train,79
2ce1c6a93,5,train,506
f2212e16c,3,train,20
abd7a3201,1,train,81
aded1fafc,5,train,132
393365063,4,train,125
902087c95,6,train,539
8623ecf43,5,train,393
cd8e8d7a1,2,train,168
bc7ea0a3e,2,train,629
3e9a56447,3,train,113
fa64cfa4e,1,train,443
6b574c312,5,train,472
742dcad55,5,train,260
2cfbdd28a,2,train,71
742462799,20,train,1380
c220fd5cc,3,train,88
675bb16b8,1,train,172
3757e3734,2,train,202
b79275092,20,train,3
9e4e77074,5,train,396
a2fecc9a4,10,train,304
e99a775d2,5,train,445
867308404,3,train,118
92d830572,14,train,812
cb9cffdff,8,train,230
0392c0c81,4,train,297
c226ecabd,1,train,912
7648e56db,5,train,1297
cf86cc5ea,2,train,111
84d1eb4ab,5,train,61
96353db69,3,train,114
f90575a63,2,train,137
35149528a,8,train,790
ae14a91dc,14,train,145
687c0c2cd,3,train,222
d7c661670,4,train,289
330f0e19a,4,train,27
8af959627,7,train,241
711bebb99,1,train,111
a2c98c186,3,train,305
c30dd6e9a,2,train,246
134b82d89,3,train,9
abf38029d,9,train,240
eed4b685b,5,train,437
a460a6274,4,train,12
bb19c3013,1,train,72
1c967561d,5,train,236
3e82bfd8d,5,train,422
1942485f8,5,train,1247
fb3bd80d1,9,train,589
8bf2cc0a1,3,train,187
3d9b4bdc1,4,train,188
020cd1d50,9,train,377
058d37dda,5,train,201
8328ec7f4,1,train,133
90dd998e2,2,train,1377
d418ea0ad,3,train,329
bb76bfc79,5,train,408
230b9040d,3,train,194
30764a1fa,4,train,175
076d6f830,5,train,618
e3a5332ce,3,train,431
d0d9596e3,5,train,333
0907a14f3,8,train,673
2cb9ce5ac,3,train,110
6666265da,5,train,498
0ffe99b25,11,train,345
886e903a4,5,train,261
d7d371a3d,3,train,133
752c2658d,1,train,326
502a2a9db,5,train,103
09c00211e,2,train,257
f743a63aa,5,train,91
8170c6b01,3,train,769
96a5fd573,2,train,68
4f4f3cd98,3,train,151
d6e342121,11,train,159
db0b0bea6,4,train,61
015da0878,4,train,174
6c6a5b5ac,6,train,20
c260c7b3b,4,train,116
dffc5cef6,15,train,528
6c06b0725,1,train,573
d0a66003d,1,train,12
b3ff03304,3,train,797
1d669183f,1,train,160
0de6709ab,1,train,252
169fc07e1,4,train,1099
4a91d273b,3,train,179
0b24f7e7f,2,train,624
598f1fdae,5,train,344
76017363e,1,train,20
6b42c0d29,2,train,66
2b1f83255,2,train,65
4e1034525,14,train,672
80621df6b,5,train,310
798a0cb05,1,train,122
ac8fa1b6c,1,train,249
9d8dab6cd,2,train,412
e0238b8c2,4,train,123
38063ee14,2,train,189
a00eaa0fb,4,train,525
dd3856456,1,train,144
9b721dcaf,5,train,698
c57a0afef,3,train,8
44cd12263,5,train,275
3e6d8a2c9,5,train,392
cd37edf46,4,train,356
e88f72461,3,train,238
6679c179c,4,train,311
0d2394669,30,train,260
ea7ec0562,4,train,348
949cb7ee9,3,train,219
40b1839ea,7,train,156
9fa760b69,5,train,39
07b994326,3,train,33
bfdff0622,3,train,1369
acb802c0c,4,train,384
8c10b6035,5,train,12
ff7d25ffb,9,train,310
9e380d9a2,3,train,1025
b6c93a605,3,train,16
d4c3abf4c,1,train,180
a1a9e48a6,4,train,234
11d3a4c0f,15,train,256
82137b39f,3,train,568
a8eed143b,5,train,334
783a33f4c,16,train,433
245b99f60,8,train,237
f759dc332,5,train,661
492e0cc50,11,train,1120
2f95b343a,5,train,14
9d2fb911c,4,train,195
04aa54436,2,train,462
98128b920,2,train,257
ccd36a0f2,1,train,157
4c40ad026,5,train,633
dd0b58409,1,train,85
3227c4f2e,3,train,19
bbff353ce,1,train,144
b5010c15b,5,train,12
56c329fdf,5,train,76
dc76d9fa5,3,train,393
68d430cbd,4,train,182
f51e72db2,5,train,228
8cb6dfa5b,2,train,140
799a41eba,3,train,32
ffb6a7f5d,5,train,96
c6c1048af,3,train,694
c9d955ac9,1,train,161
7ceeeb9f2,4,train,136
b2385d700,23,train,495
41ce762ce,7,train,511
3b95539f0,6,train,69
03c323fcf,3,train,98
40fa64194,2,train,78
428fd4ef7,2,train,198
06c5ddbd6,2,train,358
26428557f,6,train,322
57d8f9bdb,14,train,1095
a322972da,2,train,285
9725fc542,3,train,259
de67abe0b,5,train,300
44a541574,2,train,341
da6950564,5,train,320
af862a239,2,train,350
195c119c9,2,train,134
0e4049f6d,6,train,123
72bd22c9e,4,train,1084
254dd6ba7,16,train,106
35a730b12,4,train,481
afa1e2afb,10,train,171
3c97d1670,7,train,154
945a6fa56,4,train,457
abc9c4207,5,train,592
c7cb34ee2,4,train,103
bca4defa4,8,train,1994
0a71e754f,2,train,1041
3859838cf,4,train,389
f4212d640,11,train,159
03ae93b48,1,train,39
eba773cbe,5,train,65
fac19639c,1,train,1
546a913cc,4,train,737
8ece5f3ba,5,train,84
4a0adfdd0,6,train,116
7d6d03de2,2,train,229
cef410e81,5,train,1513
b1c83d13b,4,train,5798
7be394a98,2,train,135
ba3ee71f8,3,train,351
1aa527f5a,3,train,454
884b9a6ec,2,train,176
0be7a4adf,5,train,165
6a864757b,10,train,543
d17343468,11,train,681
60923a60d,5,train,273
e4b90955c,4,train,38
228117dca,11,train,695
2f3677597,3,train,414
437bda050,5,train,295
5357633c0,5,train,359
ea3de2587,3,train,136
45d2ddcb8,5,train,1878
0e0d0a9af,1,train,106
104d9b198,3,train,633
43c661026,24,train,322
798f4a1e4,3,train,576
a8da358d1,10,train,477
f28036d8a,4,train,123
9070ef426,4,train,28
d73b2a4c6,22,train,3531
d2cd71ec2,1,train,30
0340ac5f7,3,train,838
b9fa9ce00,6,train,59
6d089036f,5,train,681
113920513,1,train,53
db095d92a,3,train,204
1ba42eca2,1,train,17
66038a4b3,2,train,434
5bd405bac,3,train,283
50418fb29,7,train,430
645914c88,2,train,188
9c5feed55,3,train,86
e402f3b2f,3,train,71
a5edf3e84,1,train,103
a0c64fbad,5,train,491
afc71f432,4,train,118
6c4d7b09f,1,train,39
b3faddf18,3,train,161
4695c4fb3,1,train,59
b26374255,2,train,382
bd881326e,25,train,434
140ef35de,1,train,93
fd38d0da0,5,train,775
5451356cb,3,train,44
746f52206,4,train,787
88030e16e,5,train,51
c13da6b92,6,train,371
0e49eebb3,2,train,391
087313ba2,17,train,774
76a045292,6,train,172
f9f914ed3,3,train,732
4012be917,2,train,402
b97569bc9,5,train,226
72a7cb335,7,train,276
62817491e,4,train,126
7c82670f8,3,train,271
9df9b11b1,1,train,144
bdf00be34,10,train,275
02af3813e,2,train,69
9d5f190cf,6,train,845
24c1d5a33,4,train,758
d8e376a50,7,train,410
7cf37c7e2,5,train,461
b92781dca,1,train,131
8dd28c706,20,train,360
c4ef3ff97,6,train,704
db5a260fa,5,train,141
9d87fbd92,11,train,324
b9f8cf52a,7,train,406
5b6add800,4,train,425
ba030cdba,1,train,117
01e517961,2,train,282
e94581522,1,train,38
802a18435,3,train,98
a06b5eb73,6,train,289
e50fb0c6c,2,train,191
5e203eeaf,15,train,320
21260b18f,4,train,119
0063f83c9,4,train,569
a37e46e35,5,train,14
1727cfc45,3,train,526
f2c84786f,4,train,173
3cc6084ca,1,train,198
12c65f314,4,train,124
ff6118cc2,4,train,112
3060de782,7,train,270
2e3bfe5a9,9,train,345
81d404558,2,train,82
a7be93837,1,train,172
9664bcecb,11,train,77
f22f3578c,5,train,113
a22499988,5,train,92
2cdaa8a5d,3,train,140
a3dfe1991,1,train,122
a9e96f77b,4,train,326
997db5df5,4,train,535
954a6e415,5,train,394
3b15c42d3,5,train,305
626b056b5,3,train,383
38c5d4e0e,12,train,152
773243cf2,3,train,114
a4c903a3d,1,train,50
24cc193f3,5,train,1888
5c496f946,6,train,141
93685a66f,3,train,757
5b3c81931,4,train,9
791560e54,1,train,179
5dff24075,7,train,12
e6f4d14a0,4,train,9
abfcb22bc,3,train,817
0beacc42e,2,train,63
3a9f1c036,10,train,250
d4ce7a1ed,3,train,166
cde5f25db,5,train,240
27b1bdd40,3,train,116
caaf719c3,1,train,226
e3fcd8a2f,4,train,646
f04c098ed,5,train,211
58ee93558,12,train,1471
dcf366e02,1,train,21
3b2b69d20,4,train,184
221331819,6,train,593
bf5bf91a2,5,train,749
502c3e7ae,7,train,215
9586639e9,2,train,27
cfa67dca2,8,train,699
e388a963d,4,train,195
a22ddc666,2,train,200
5e0519e3d,6,train,249
daed3d063,2,train,23
9b9873716,3,train,279
df5f12e58,15,train,835
281618ba5,26,train,3453
bd37ccdd5,3,train,354
25765058c,4,train,1667
4891fdacd,1,train,86
06cd6c623,3,train,113
b921bfb80,5,train,370
00bfa5da9,2,train,147
baf7a42fd,2,train,25
14ae60869,20,train,464
75a286d8a,3,train,125
97450a196,3,train,19
9d24c695e,11,train,1159
05d3e4d55,5,train,393
d6259561f,1,train,362
edf74226c,4,train,23
c8e776446,4,train,263
bdde3b5ca,5,train,165
91e663cd2,3,train,420
0633474d9,10,train,1152
854319675,7,train,1060
cc13183c3,8,train,1058
f0a2122d4,4,train,188
bf5c5cded,5,train,245
e09995135,4,train,391
d476272d7,2,train,213
56f7b3216,5,train,106
23829dc63,11,train,64
e6c3faeed,1,train,144
01573c686,5,train,577
7575371db,4,train,339
4b69bf0e7,5,train,502
f42161740,10,train,140
bfe061b7e,4,train,114
e88aaa263,1,train,186
9b4dad348,8,train,808
257a99aa2,4,train,622
6261c9966,20,train,641
87aff0121,9,train,548
7542076e8,4,train,427
f64813f9e,7,train,590
417c09a08,5,train,122
7bfe2d68f,5,train,253
a6eb71dc0,6,train,176
1c562d3a8,4,train,222
31b90821f,1,train,320
81d82bda3,5,train,369
21415ffb9,5,train,525
76b818bdb,2,train,193
3e25d4fb8,2,train,241
756025f7c,5,train,115
570fdcc4d,1,train,81
dd654a9e7,2,train,224
5a2c8a05f,1,train,138
044548f89,4,train,232
09f75d8e1,8,train,259
672bc370b,1,train,164
f9f0a5dfb,3,train,290
30fff49fd,4,train,247
a21b6c40a,19,train,30
35c0c3aca,6,train,92
54c2d49bb,6,train,574
8bc07d296,4,train,229
a2cd5b78a,2,train,144
2d837689d,8,train,506
3928a4b23,9,train,1103
c278935de,4,train,149
e3f51f5e0,3,train,321
2f0abd493,6,train,897
649589d9f,16,train,262
cc068a979,10,train,348
ada57411b,3,train,122
605fe21a1,30,train,1034
93d842736,3,train,266
872317673,2,train,1401
b9da26f0f,1,train,122
87e1b0c16,6,train,807
350a14e36,5,train,91
e1052f933,10,train,457
387a2639c,1,train,183
ea1318971,4,train,304
26365df53,5,train,45
1635eac9a,3,train,112
af2f3a166,3,train,430
283d93104,6,train,508
6b6cdfdfe,5,train,293
0edacb2ed,3,train,236
c03b8b2db,3,train,12
b84ad40b4,7,train,798
19fd91f5b,3,train,385
eaab63bd7,4,train,786
7bce76c66,3,train,460
01e5d357f,5,train,163
615f5dc85,3,train,367
868fb91f3,4,train,187
35cf91e6e,3,train,109
dd8817ccb,16,train,280
eb652ec07,1,train,23
d714680ff,3,train,531
36edc334e,7,train,173
fdc472b2e,3,train,140
d25638f81,4,train,484
62b2ac9fd,1,train,1116
500327aed,1,train,86
814430b64,3,train,135
1fbf04fab,2,train,725
f9e3a51c1,2,train,142
1f7bf1b32,1,train,28
b623d9449,2,train,79
b5033c917,1,train,67
b1350a4af,5,train,292
ff96988fc,1,train,120
2b4003be8,2,train,273
9697ebf42,1,train,1435
2196b0156,7,train,468
350116b16,5,train,826
66125940b,2,train,12
4482a8d57,3,train,123
a1fc6f0bb,3,train,331
b5ff2b987,4,train,3
81ea0e01a,7,train,1625
df091dc6b,1,train,403
e464e666d,1,train,123
6083e589b,2,train,132
40c0fdccb,5,train,506
06bfadf29,4,train,138
fae628c13,7,train,198
1a91262f6,3,train,312
a7b53e5ca,2,train,160
a234c6496,5,train,97
bdab91b8c,14,train,932
e1af060fb,2,train,218
8685b7512,1,train,276
4cc05c35d,8,train,231
308034707,9,train,16
597a7afc2,5,train,607
1940b59e7,1,train,40
3501d8f4f,3,train,154
482fc8a70,3,train,223
ac1eab621,1,train,46
38cf8b2f5,8,train,699
32387ac37,4,train,122
eb4dbddea,3,train,217
8c0273869,1,train,15
1fba9cbc9,4,train,3098
cd565b4f7,5,train,270
ccdc0f862,4,train,209
6ad1d75b2,4,train,272
93a9e05b1,3,train,224
daf1a8d08,2,train,33
aa91c3400,3,train,220
59f4e3255,14,train,679
937c2e14f,5,train,102
1d30559d8,5,train,603
f13ba84ac,5,train,75
8f639ea65,8,train,394
7aa0bcef5,3,train,236
c3ed4c50b,5,train,289
ae00eded4,10,train,1380
f522ad8d4,15,train,807
5fdd708f3,4,train,521
244144067,14,train,775
c93e63352,3,train,473
103dd7bb1,3,train,1210
d672df50c,5,train,114
836b6e6f3,2,train,246
4555f9273,2,train,1058
d4427513d,1,train,297
75f574b0a,8,train,250
2e41f018c,26,train,2259
ef5fcd597,1,train,163
e808d9fee,2,train,230
dc996a1a4,4,train,271
3101ea018,3,train,438
da7680082,4,train,69
9fe6f98a5,1,train,35
997653f86,4,train,893
130797334,2,train,242
9115f86cb,1,train,84
0e88c1c1c,3,train,204
85188cb67,1,train,220
24fee0cc4,2,train,140
3ef5f0537,3,train,187
d565f7c6f,8,train,409
c7c443855,4,train,476
412d6c47d,3,train,183
768fb166d,3,train,352
84f065b56,3,train,201
de8b7400d,4,train,91
a6e37f91b,10,train,332
83b2fae5e,4,train,26
6be26ea05,4,train,80
9ef3d0eec,1,train,309
2bbe22924,3,train,206
1f2c63312,2,train,119
7f78266ab,3,train,279
ea03ccbba,4,train,97
8bacce548,2,train,154
b9568ee6f,1,train,138
aece6e7bf,2,train,239
ece36dc30,2,train,392
cfe8c6bef,3,train,99
ca144ac2a,11,train,1194
484915b4f,16,train,3468
90dc0d83f,5,train,558
87a679d31,1,train,98
361e79f5f,4,train,137
1a030d758,10,train,614
d1dd377ae,1,train,103
da928b2cd,1,train,193
41175dcb5,3,train,181
a7f77b3bd,10,train,194
5d5942493,3,train,128
285758945,5,train,236
c71d537da,4,train,439
26a4d7052,11,train,439
ea9ad03dc,2,train,180
0e1a54250,6,train,267
406a1e534,5,train,16
bc22c806a,4,train,101
c1577c976,7,train,391
a11245368,6,train,1217
146005aa0,1,train,385
4407e70f3,2,train,140
0902b6664,5,train,109
988c18c10,2,train,535
7c17de5f6,3,train,122
0c0bae9fb,9,train,180
6c5a7a1ef,13,train,80
1f82a9cd0,3,train,175
3ae51e685,3,train,146
bce2ed853,3,train,1312
22f6c0ac6,13,train,424
b8750b910,3,train,194
1811b1412,4,train,803
4a3380641,12,train,356
2469e58fd,6,train,105
acb108730,7,train,87
c5f1eb8b6,8,train,582
e7e23bfbf,3,train,376
7e4ac998c,2,train,442
24357b578,6,train,325
cf9e48222,11,train,1718
6e77550de,9,train,400
029b05087,5,train,320
e59c8fc76,13,train,160
416d8761e,14,train,129
e4406b18a,1,train,76
7adf54516,7,train,2630
e4eb08c79,3,train,581
89446d475,3,train,202
163adc370,10,train,8
e01e4a2fb,5,train,363
de1a20009,21,train,1108
0b501f1d8,3,train,85
0f544b558,3,train,699
ecafbb542,6,train,474
4b0b7dd2f,3,train,431
bd9d521c5,9,train,237
4f6c8d13e,14,train,595
1eb041ff3,2,train,302
755f10f8a,5,train,14
e2cf62da9,5,train,400
6784b2fcd,4,train,351
45bec784b,5,train,442
3c008b0b7,8,train,349
7ddf00d90,2,train,522
d7dd71467,8,train,99
82e86dcbb,3,train,122
d353b436f,1,train,166
c74d9c9f3,5,train,45
8c1658988,30,train,3248
4892ceb8d,5,train,1934
bed78eb25,6,train,149
c763f19ef,13,train,191
28c34e5dc,2,train,125
39e0f5513,3,train,355
5b11611ff,5,train,422
e833d08bb,3,train,53
b5aa169b4,13,train,557
5183f369d,1,train,187
99cbd42dc,5,train,14
f91cc9f0d,9,train,992
19af88854,10,train,2076
3d8a35224,6,train,1157
2e5e35de8,7,train,360
f1afd4033,1,train,75
d6fd7962e,4,train,225
5ed5663ae,5,train,1784
9e6570928,4,train,146
7ec72b62f,1,train,103
0a7798d2b,10,train,2407
4b2aa880a,24,train,1810
27e16a68d,1,train,81
06c724ada,5,train,1344
46687a6d1,10,train,70
16abc088f,2,train,14
326b17344,5,train,548
63ea7cfeb,14,train,566
ee4acef8d,19,train,991
0bf83cc3e,2,train,196
a76983523,4,train,1615
5bc5b2ced,3,train,246
3244cff21,1,train,229
b4060a70e,5,train,114
8a302ccba,1,train,798
0d47275d4,16,train,372
28a0ae4fe,11,train,248
b278cd182,4,train,391
a89f8b241,4,train,39
cf85bd080,5,train,12
850875906,4,train,726
4c31c7db9,3,train,41
b3580fea4,1,train,77
cc9f9c4c1,7,train,777
ada1e6f38,7,train,490
b412a3f6a,8,train,653
f749cd744,2,train,513
774de959c,3,train,381
ad491b969,1,train,141
a86bbc71f,2,train,139
2c8ae4c7e,2,train,608
8bf0f354b,5,train,82
b3c62d7f8,5,train,139
26a351904,3,train,182
e50174698,5,train,1501
daf955524,2,train,470
76a063a20,9,train,143
b4eb7f4df,1,train,37
1b36762d2,13,train,498
3b7aad341,1,train,62
470e49e41,5,train,2174
f61c4cead,1,train,305
2e1853b79,4,train,107
a92b06d0f,9,train,798
60c1c2fbd,15,train,611
17a5487d2,4,train,100
2831adaff,7,train,709
f7be274e0,7,train,425
d8179f4d9,2,train,245
8e5356302,5,train,1256
9fb8e5e73,5,train,325
0ced977d7,1,train,198
348591b3f,2,train,69
47787f847,1,train,62
4e797dcdd,3,train,204
6d4f64bb7,1,train,167
fb278c21e,2,train,81
1d2a7f0dd,5,train,325
030f32f08,3,train,57
91c2edae8,21,train,432
8ec043344,5,train,331
d5ba03e9a,10,train,17
bea6f651c,3,train,209
4866e37fe,1,train,128
4d27ab123,2,train,85
26ceb4ba8,8,train,1012
93329ec1a,15,train,858
9a8cbb0c8,3,train,257
8df053c7e,13,train,733
8a3efc6c4,1,train,428
f980544af,3,train,54
f982548b8,3,train,152
b279ec774,4,train,345
2931d3eac,5,train,265
b62d80c49,2,train,77
f75724b44,3,train,391
dafa3b086,3,train,94
8760ee6e3,1,train,224
8849d3fe9,5,train,769
728a08a8b,3,train,509
39e0cc98e,4,train,90
9acd96273,1,train,790
8bc5380ca,3,train,198
99c2ceb33,15,train,1321
a3d8c3aaa,6,train,433
a7344d7f5,19,train,1008
af8fdab18,1,train,48
7d73574ed,3,train,19
fd32c2466,3,train,880
d41aa1c62,11,train,38
a904d6da4,1,train,388
17b2d4cd6,5,train,45
41c61ed91,9,train,644
42e7de7c0,4,train,1233
218f8bb3a,2,train,435
4fdebca57,1,train,88
763264fa2,8,train,1835
a1fb1b5bb,3,train,213
9976d9007,9,train,390
c5af48975,7,train,271
f981112a8,8,train,698
f0ba86cc6,5,train,388
da80c8aa2,6,train,219
45f8df95e,3,train,172
653f94080,2,train,415
97f683e04,4,train,1091
a0bcee7e2,4,train,126
b8daff578,5,train,150
c0f651276,2,train,281
9b52894bc,17,train,1482
67e7da152,5,train,89
7295b4948,3,train,238
a92c2f233,2,train,72
9aa40019a,2,train,151
9adf0f234,3,train,307
dcdf98438,6,train,317
96a0b8d03,1,train,249
0d34bfde7,6,train,1034
618430208,4,train,108
5071e525c,4,train,719
2a9223451,4,train,316
b34a57b41,5,train,266
b8d35b6c3,4,train,270
f231e1f78,4,train,116
49a832741,1,train,1
e78a33d4a,1,train,169
3bcc3be83,4,train,568
387701d9d,9,train,211
976fcf5a9,5,train,237
5208915a3,5,train,353
172c8129a,5,train,714
529025eb8,4,train,290
2e76362c0,9,train,79
ca7aa9eec,4,train,92
dee525fcd,8,train,627
c9feb3eb3,1,train,116
7a84326ff,1,train,249
e3acd4da3,6,train,390
233ddf40c,2,train,104
37fadf608,3,train,225
42ea2e045,2,train,41
7ee058c3d,5,train,142
a03da4900,3,train,170
0abff77fe,6,train,388
0dff88b6f,5,train,119
3ba4ccb80,5,train,133
6819ce556,2,train,452
0173c456c,9,train,485
756308d39,1,train,62
b1cb5d0ec,6,train,1006
1c92ce464,8,train,680
51366110e,4,train,158
b857d5ac6,6,train,2948
d83f60849,3,train,1217
943611bd0,5,train,822
2a154e41c,3,train,68
216840542,6,train,67
7da9d50b1,2,train,973
107c30c6d,2,train,205
e01f077a7,10,train,164
e9cf01a21,2,train,287
a6adb9a9f,3,train,454
f64fd2354,1,train,224
4544aecf7,1,train,96
2262be7e9,5,train,155
91c023cb7,7,train,578
19d8b1d8e,10,train,1085
67221a8f8,5,train,360
4b148edd2,10,train,326
cc42556cb,5,train,506
fbf954ea2,3,train,155
b98316a91,11,train,907
816005a03,1,train,215
d72dafbea,2,train,60
3166b0f31,3,train,306
9a7885841,2,train,81
afe19c37c,2,train,990
5bf976dd7,4,train,12
87ec8e435,11,train,327
14b3376eb,2,train,96
8a0a8eec0,3,train,1013
67d74124e,3,train,455
0719de933,4,train,23
caa616482,3,train,1193
d39684633,3,train,52
4b8b0a817,2,train,643
8d6c8d486,11,train,864
c670993fc,15,train,225
102482c40,2,train,140
829889fa9,9,train,164
8e2723a38,1,train,979
48aa8ee7c,3,train,279
46ef61c91,2,train,91
b940cf8b8,7,train,93
9e9ce66e9,5,train,84
c1ba2169b,8,train,83
083f50328,1,train,133
ef896feeb,3,train,37
de43c6ce5,5,train,231
162c1d98a,11,train,2385
e4f17eace,8,train,174
deda21b9a,5,train,14
6984c9c58,3,train,290
92d0ff357,9,train,777
e2bb56954,1,train,30
b9d28a286,1,train,230
429017e9a,5,train,220
000a290e4,2,train,180
c78fa1a45,5,train,199
c60e6aff7,3,train,344
d1a9104a1,3,train,383
ad66b0f44,1,train,372
066521b34,8,train,414
969b9bb00,7,train,491
f785304ad,1,train,14
172555cfd,5,train,352
f6ec35f31,1,train,220
faf4fd269,1,train,168
82db604c8,5,train,103
175af62c1,9,train,389
f83695eb0,8,train,381
a9ec75efb,5,train,152
9d1b799e7,6,train,17
c37419ab7,5,train,215
394c13865,6,train,608
63dad490d,9,train,841
c52b99ee2,5,train,722
1a2816f0f,1,train,306
b28951b61,5,train,130
be467e42b,3,train,63
be7ff8075,1,train,141
52363327c,4,train,96
890127ff5,14,train,281
9deed930d,3,train,201
dce0ccf91,1,train,163
1c3793826,11,train,515
1077fb67a,15,train,2730
b7359384d,4,train,336
11c88e3be,3,train,72
2c007007f,3,train,674
6b0103c04,7,train,165
687e9c33c,1,train,255
9003318e5,2,train,46
2463e0981,1,train,88
0256cac2b,1,train,102
e6a856527,4,train,345
8044a4f7e,3,train,152
8f9bfc9f4,30,train,216
706c85343,3,train,69
2e111f82d,2,train,123
8717133d3,4,train,329
2ccf25b91,4,train,516
2b530d418,1,train,83
22de1a590,1,train,141
39444f259,10,train,189
e5155cda1,3,train,172
407af6f7d,5,train,329
8a9c5472e,3,train,1071
934546487,2,train,1202
8ca443ef0,7,train,161
7e19f2890,3,train,422
a1e9aae7c,2,train,214
53923463d,13,train,271
fee500b95,4,train,284
0a140a67e,3,train,101
ab3d83bd1,5,train,158
8a0cfdd56,2,train,20
0c859ef92,2,train,116
1d5be4060,3,train,995
0acd95320,1,train,260
b80b51bda,2,train,350
885c668e4,1,train,45
4a78a1859,5,train,181
c60a12958,4,train,653
b207cf9ea,2,train,8
8d91ae666,3,train,382
954243934,1,train,287
64f41ee68,1,train,39
bf0dd40e3,4,train,260
c662b7876,6,train,148
733f9942b,4,train,840
564356241,3,train,258
78e5e19b6,3,train,15
b3a19b9dd,2,train,47
8b2be8807,5,train,1485
69ba8d92e,1,train,59
230e1df8f,3,train,814
9dfcbe364,1,train,107
9edf8fff1,1,train,487
ec9da833d,1,train,243
88edfa259,1,train,212
38e12233c,2,train,283
09f6e29b8,1,train,752
350208e1a,1,train,218
5c67a27f5,5,train,1341
e0ec9b89c,1,train,24
5550a68dc,5,train,89
fe65d17b1,1,train,34
76495d7f4,3,train,582
85ed50b25,1,train,524
4696fb463,1,train,209
7115607a0,2,train,496
dd4f3b8a8,2,train,275
51714821c,1,train,226
c7f4e4fb5,2,train,1201
f8d831236,1,train,25
fc52c0c82,5,train,206
e9dbf1095,3,train,267
20f870155,7,train,207
ebc345fe0,5,train,39
ad8569001,5,train,137
ed40421f9,1,train,302
9b9cadd98,5,train,209
322b32801,1,train,105
881d46cc0,3,train,121
c39e5de99,2,train,6
bcf546cb8,3,train,224
f1e99433d,3,train,204
e0b6196d9,3,train,181
6824120c3,2,train,743
8d51c3200,2,train,187
de591574b,10,train,225
c76d9c5b9,4,train,309
8d50d37f8,2,train,239
48088c0e2,3,train,126
dd13b36c6,2,train,123
435f419f9,4,train,209
507e734af,5,train,121
3b901ae31,4,train,385
38fc09756,2,train,130
d0101e748,1,train,39
14ee9a2bb,3,train,682
5d1fa8ddf,1,train,219
d7de7e8fd,3,train,464
98e211da3,3,train,364
037464956,4,train,205
b9405015b,1,train,353
01b167b92,1,train,231
9ba7b7b9c,2,train,120
8e68a9075,8,train,318
7d7b5bf2f,4,train,316
3daf36ca1,4,train,420
812ec1ab5,2,train,210
e12797ab1,3,train,68
54b2051c1,4,train,440
062633cb1,3,train,136
52a539ef3,3,train,195
d0c3c032a,1,train,867
fd7811109,1,train,236
f6dc58442,8,train,298
6840e38e5,1,train,138
f024e91b9,2,train,160
cf51903db,3,train,374
fea8ba32e,2,train,86
818df5a9f,5,train,541
6b4a3074d,2,train,198
ca90f9062,5,train,162
f0982978a,3,train,250
19745f3dc,2,train,384
b1021dc35,2,train,568
eab44dad9,3,train,140
804e56f9b,4,train,45
04e7d89c0,1,train,938
1436092b4,1,train,181
a90161422,2,train,246
5d9feff2e,2,train,174
54e0ac09d,1,train,82
d8df310c9,1,train,79
ef55e89bd,3,train,126
1ae342ed5,2,train,458
21d26302c,2,train,298
1aa8ed8dc,5,train,480
4e3640544,1,train,102
bb675d874,5,train,262
7125e101b,1,train,221
9699a3d34,5,train,611
39bf24ec8,5,train,134
fa97a865d,1,train,156
9cd08bb2c,5,train,276
0ef640aaf,2,train,199
d46569700,6,train,1797
2d725d001,3,train,157
1fd2f589f,3,train,370
34fcc459a,5,train,176
eef0fa0ef,3,train,57
b3cf90bd1,3,train,137
b1dd64fa6,5,train,694
6f0cb510a,3,train,255
3c0c76a42,1,train,34
dea0253b6,8,train,409
6d1596957,1,train,214
0ea2638e9,4,train,742
7e87938c3,3,train,471
37d0748c2,1,train,279
7f7080e6b,10,train,330
056cc22d2,1,train,99
533916bd6,1,train,202
37884b086,17,train,402
b62619afd,2,train,69
1c69743d6,3,train,341
8ad784999,7,train,957
cdcaefa4b,1,train,91
1bea097f1,1,train,319
a080c1037,7,train,125
648897870,1,train,180
cd9c84ec2,10,train,904
b0c159af4,5,train,207
e3a680ce0,1,train,19
8ff0818d5,6,train,556
fa07f7477,5,train,88
fb4078a22,5,train,781
b66715e26,2,train,273
65dc47112,2,train,45
1d9604897,3,train,300
09c629b05,5,train,174
9c31047a7,3,train,295
90f1bb168,1,train,60
64070899d,1,train,357
3998bcfec,1,train,82
f6f2f9424,5,train,121
2f19ac5ab,2,train,187
a3e7124c8,1,train,142
a8cfbf446,2,train,31
ae0bc846b,10,train,166
553b720c2,5,train,391
338ccb571,2,train,125
6608d48b2,4,train,695
326a3c785,4,train,129
ca2c00404,2,train,280
37bbc6060,4,train,338
0a1b56e66,4,train,119
1f4378ff6,3,train,314
eed29a312,1,train,425
0459c7bb7,1,train,173
11b20ee8f,6,train,131
9dca0bf20,14,train,387
86219b4fe,4,train,371
a427984f4,2,train,796
1b59f9f38,7,train,17
f33f3512e,2,train,60
8cbae6e2a,2,train,714
5c62b4a8e,1,train,10
caa5d1e6b,2,train,76
a2dc697f6,12,train,288
6dcce539c,8,train,665
67e41958c,4,train,386
3a67f200f,3,train,26
44da8c2a0,1,train,516
91e996718,5,train,383
1e62e6022,5,train,230
20bf4bf39,5,train,344
a14f8bd53,4,train,353
1a1e3aa63,3,train,192
95636a0d9,11,train,1351
703c9a23b,5,train,78
2774ef93f,3,train,325
83defd365,5,train,115
b114199dd,3,train,397
714e287c7,3,train,143
74fb03e51,4,train,215
32618b795,2,train,726
41e4574a6,1,train,245
f47679843,1,train,123
9b1241ef0,2,train,171
f0bfe80e3,5,train,371
60b188249,4,train,202
14e788800,3,train,92
5678616cc,8,train,729
411bba4e8,6,train,838
939268f8e,4,train,1068
3b4a987ba,3,train,1439
5cba5c76a,4,train,661
ea303d329,5,train,671
5ccf203a3,5,train,365
3bc3e9db2,1,train,2
63562f208,2,train,185
8a6ba0a40,5,train,377
b25d569cd,3,train,247
7e48ad81b,5,train,645
ce50f376f,3,train,157
ade6b8efc,6,train,597
baa309426,6,train,368
942af9028,6,train,221
acd9e66f1,3,train,719
11cc5a797,4,train,281
90bcfd0e4,1,train,109
6085869a7,1,train,485
35542ae3e,4,train,376
fb9ae7d12,4,train,205
e0b36580b,2,train,80
bd7b805ba,1,train,84
98ae7d88d,3,train,488
c15d26817,3,train,490
7f9f1a2d0,4,train,677
0243911ea,2,train,117
06cc44fad,3,train,165
fd1bf9554,3,train,507
12e711074,4,train,624
0497f7012,3,train,364
9b9e24b37,1,train,191
1945c0690,3,train,242
434691342,1,train,202
8f90bba4c,1,train,60
522b73db7,1,train,334
abdeff83f,2,train,255
df880995b,1,train,231
5f28b76d7,1,train,49
7d526090e,2,train,230
bc4bbcef1,1,train,157
89df794d1,1,train,443
c45e47c4c,3,train,556
bdb0f50e0,2,train,585
d30dcea91,3,train,117
cc0eced0d,2,train,276
71297d780,1,train,244
4963e95ce,5,train,1220
a1b3dafc9,1,train,110
6ea65996b,2,train,45
50d1c2157,1,train,12
2fe763187,3,train,129
704737525,2,train,92
af75249aa,3,train,12
97b469d4b,4,train,50
5e17c1fde,2,train,466
35f9818a7,14,train,242
60786724b,1,train,297
4a4d8cadb,7,train,880
a4dd57b11,1,train,28
9795221d0,4,train,66
276ce7f3a,6,train,400
db08f8564,1,train,517
1c59513dd,1,train,96
7b872f1aa,3,train,341
bcdaf8640,6,train,396
75ee37fa5,1,train,260
14580436c,3,train,410
d77baafda,2,train,548
959064f3c,1,train,243
0f27a7baa,3,train,50
02f7300db,3,train,838
a952a211e,1,train,73
ad8b02fcc,3,train,74
a97467fb6,5,train,62
c7e3c3270,3,train,133
7ea900f4d,1,train,280
f53be74bd,8,train,526
3a0e3b527,4,train,576
b8215b5e3,3,train,227
3ec367f79,1,train,12
a3af82b71,3,train,113
277014d80,6,train,117
1b3dcf712,4,train,354
1a2c91362,1,train,911
ed1f38a40,1,train,44
b756bfae3,2,train,26
88c07e663,2,train,40
418a25e6b,3,train,714
1f467ba22,4,train,185
4acf3e30e,1,train,193
de12dc945,2,train,22
506697cb9,5,train,829
9882871d9,5,train,150
d30087066,2,train,67
bd9e87899,5,train,185
4e2440e26,7,train,1751
a3f6438ea,4,train,1097
3948f67d7,10,train,233
894d76b65,2,train,12
7e0f474bc,5,train,339
123f15578,1,train,162
2fa8b64b1,4,train,219
b0d8b0778,2,train,297
6cc070892,6,train,899
66bd449fc,5,train,422
1b752d78e,5,train,169
65f56897d,3,train,56
1c4f5efa8,9,train,207
9191da7b5,3,train,223
84d7ac922,1,train,194
72626612c,6,train,144
586585da9,3,train,120
b3fa60bc7,3,train,88
2679a20fe,1,train,736
409ad5a23,1,train,35
63c93929a,2,train,224
59ad17125,2,train,688
94ae813d8,5,train,277
cf49e1549,3,train,423
fd123a15d,2,train,182
dc549e010,1,train,86
14a9958e0,3,train,190
9193c38af,2,train,1567
b5158ef9e,3,train,360
d7976886b,3,train,73
147e587da,2,train,430
e152df77a,11,train,124
9ee623346,4,train,932
493d9cc81,5,train,518
9676b5e36,1,train,390
fbaec0999,3,train,117
cc8459867,1,train,82
90b438e96,2,train,367
7942b62ef,2,train,211
ea678fb08,2,train,179
086857d70,8,train,348
dc1c9f8d5,5,train,332
245bfe92f,2,train,457
f06cf606d,2,train,354
72d753384,3,train,145
aca9ddee7,3,train,146
343c1f526,1,train,1458
c3b263e8f,7,train,269
4a4db4d32,1,train,367
5ab4df736,2,train,359
3268dcfd0,3,train,280
e69dd7d09,3,train,121
e585b064b,2,train,139
355048bb7,1,train,42
a9bcc4196,3,train,139
23874f644,2,train,116
4cc8c07d5,2,train,100
86379f12f,1,train,1146
43ff07bab,1,train,322
8071fcc9c,3,train,248
8eb5d1d04,5,train,374
56d6e2c8b,2,train,183
bba70dd12,1,train,201
c9d8b22d0,1,train,157
68ab069e3,5,train,168
e3d68b63c,12,train,243
86ce90970,7,train,535
44d1246e0,2,train,431
dd2452dfa,3,train,124
0697d76d2,3,train,148
5b31b0fa4,1,train,186
b4809e7d1,1,train,225
85ec1aac0,1,train,29
d2be70a4c,5,train,18
adfd0f0bc,5,train,287
134e12e92,2,train,285
115a4b208,2,train,17
ee6e0abe4,5,train,883
ef8d291b0,1,train,314
aba758b7f,2,train,341
a27a03914,4,train,285
12ccd5019,2,train,108
6bbcc7ea5,4,train,91
a1cb8764d,1,train,142
cc261e309,2,train,252
b7d2d752f,3,train,384
b342437c5,2,train,1219
9b8805c58,3,train,35
f54941314,3,train,120
e4abb93bf,2,train,70
3f1b7bea6,5,train,206
c03fe7452,4,train,177
d4e96e3ce,2,train,83
3e4f81782,4,train,696
67be298a7,3,train,229
5d0551d53,8,train,427
36f3f7027,5,train,686
67825bf81,2,train,202
574919b00,11,train,154
d35c1ab62,3,train,285
6b94af372,5,train,116
92d4c1513,5,train,273
0045ed62a,3,train,211
1dc8f0fd4,7,train,430
cb423070b,4,train,572
52c904832,3,train,419
96ba0193d,1,train,33
6dac572be,4,train,212
43ae30dd8,3,train,424
1dcd8bc8a,4,train,312
ebd78e1d4,3,train,1537
f8db6e695,5,train,40
6efbd2584,2,train,13
1adf071b0,4,train,128
5f72e457d,2,train,424
fffa39a6a,2,train,120
05a05d562,3,train,80
ffab93d18,4,train,573
a1019e087,2,train,293
489466e53,2,train,228
ef9b5808b,2,train,1169
e0f46aa3e,4,train,239
8b1abca6a,5,train,124
a21f5e84b,6,train,733
a484694a1,5,train,201
e26548e11,3,train,763
0cde9b460,2,train,140
382dd71c1,1,train,304
e093c4886,1,train,117
2c24655fe,10,train,24
4bff9728d,1,train,160
ad6387a7e,4,train,832
ddb95945a,1,train,835
cfbd5c54d,2,train,82
9d356b9f6,1,train,126
479500716,2,train,239
ad786540e,1,train,352
1c2dfa92d,3,train,228
69ba6c8d8,2,train,154
0cb52145c,5,train,63
8b65f9305,3,train,346
018188075,5,train,252
6dd6363f0,3,train,484
fb9474822,2,train,126
a43d578dd,3,train,816
d404012af,3,train,51
02f37d829,4,train,179
9eca51592,1,train,230
046d3a9d9,3,train,67
183160bf0,1,train,195
29bcccb7c,2,train,349
057e5347f,3,train,104
cbdeed3f9,1,train,23
f0057428e,2,train,188
16349e686,2,train,74
5dbd7f61b,1,train,123
07dd9a0a5,2,train,111
6bf713e5d,3,train,205
a3eb4fe4d,2,train,430
2ac3ca459,1,train,223
939ca33f6,3,train,233
f9464ddbf,1,train,275
88db34068,3,train,454
ec5aeb98a,3,train,238
485887f4c,11,train,867
27867018b,5,train,117
7cbf39f49,1,train,100
4fe9ef7ce,1,train,203
27bf3ae34,3,train,299
5ab1e209b,2,train,98
1819e298c,5,train,30
5dace0494,5,train,496
75fccfb43,4,train,197
7ca5ee472,2,train,390
f594a2e18,1,train,692
c35cc3520,1,train,296
9b6b350c8,2,train,184
e73b8f98b,5,train,143
91df1b68f,5,train,39
1d1c1d51d,2,train,259
6d6390b1f,2,train,293
d3fd60eb9,2,train,347
29b04f54d,6,train,60
cb9eb954c,2,train,600
2b8832432,2,train,348
839aa5fd0,6,train,625
c5ee96818,2,train,85
420f5cd9c,2,train,154
8ff587b75,3,train,347
3f5405630,16,train,210
6c909e8d0,4,train,300
6264e2ffa,4,train,226
8c70e9de2,2,train,27
0d440b00e,2,train,699
4bef58278,3,train,396
1acab1703,4,train,308
f67dcb4b3,6,train,397
c1653516e,3,train,12
4e3e41b78,1,train,66
64ea61ea7,2,train,61
4999e2693,4,train,333
dd55841d4,2,train,208
cd870fb18,2,train,7
ca1df3f71,4,train,101
7af4cab5e,7,train,119
382cc2865,3,train,150
44bc5f67c,1,train,401
7b9cc47f0,4,train,224
4212729be,3,train,105
bc14cca27,1,train,1717
154d24447,2,train,478
1e1e7c4ec,4,train,181
9c1ec9939,4,train,353
e78e9736a,5,train,277
affc18183,1,train,69
518e71b74,11,train,360
72d68bbd0,1,train,12
c84e9ae78,1,train,95
e3883d4f0,2,train,128
c70a3fcc5,1,train,522
1ff11cef6,1,train,205
94918fff6,2,train,509
b41fd3816,2,train,435
7c3481fda,5,train,214
86c131c22,4,train,269
fe2209833,2,train,98
87143ebd2,2,train,951
f726dd490,2,train,89
f2716e1e5,2,train,196
9f104904f,4,train,281
c63dc4adb,1,train,150
2db012118,4,train,391
026ebf139,1,train,221
c573a0ce7,6,train,513
765bd139e,5,train,352
f922bd640,2,train,175
8425c2a48,3,train,231
5a3ea9e8a,4,train,305
4f35cb8e6,1,train,29
d584d51b2,3,train,300
445c703ff,4,train,158
e442c149f,4,train,545
334975a99,1,train,218
bb2a14bd0,2,train,35
4bff1ab0b,1,train,206
69a1bfaa9,1,train,299
3f568e3a2,5,train,179
ada93cece,2,train,73
745fd19b8,3,train,758
d6b7b63de,5,train,117
4785a8894,1,train,25
3e946254a,2,train,335
9fcc4951d,6,train,338
4bb0c8226,3,train,503
677282310,2,train,479
6a8d98847,3,train,113
12dd13adf,4,train,497
045543730,4,train,152
0b04b1c7a,4,train,237
08ee62d43,2,train,175
b567ca662,6,train,52
85e0c743b,2,train,124
ad9d334b5,1,train,182
4501e7e4f,5,train,122
2d79d25fa,2,train,150
636d6a0d9,10,train,247
6c64dd197,2,train,48
a5f82d04e,2,train,415
6dac8ec35,1,train,12
a479a1a6a,1,train,96
bb5917ca8,2,train,259
4cc70e613,1,train,221
bf20ac1c9,2,train,132
b3f69b209,1,train,64
314e041cc,4,train,268
e7a74fca8,4,train,12
9c87d70e5,2,train,256
692bde33a,1,train,448
8b2d9c8f5,5,train,62
a2124f529,8,train,1052
a091487fb,5,train,582
09cc3f346,4,train,32
30917edfa,1,train,353
95855babf,2,train,200
8fe2cf87b,3,train,407
dcba09ff1,5,train,149
dfe361097,9,train,415
161de24f6,7,train,404
d0f8b280d,5,train,171
f10390965,4,train,108
f94ea9d92,2,train,88
086ed2122,2,train,51
8520800b1,3,train,550
a09a76aba,3,train,369
b440a9cf1,5,train,317
ad6cfec5c,5,train,485
1d6149d17,1,train,34
b985b4ff9,3,train,617
62bf4037c,1,train,134
4748cdef4,3,train,579
d3dd7e6a7,2,train,165
7ed037049,4,train,761
04391c798,5,train,28
80255c391,4,train,124
32148e0fc,2,train,203
fe3d0c6e4,5,train,30
42b8f0aa7,4,train,268
24787403d,4,train,83
455d243eb,3,train,11
b7142b615,8,train,497
66ad04874,4,train,2048
88a264f0d,4,train,178
9e5011264,1,train,335
351d29156,2,train,1252
ebbf04d10,2,train,91
1104fe6bb,2,train,432
0b819602d,2,train,102
f57efd0b9,1,train,22
a43540943,3,train,17
505ef85e6,7,train,824
2b34c70e7,3,train,31
5b9bed882,14,train,1006
5f0bfe5a9,1,train,124
0deeed2d9,1,train,394
109d21b69,6,train,226
7d0aedfb3,1,train,585
b022c1924,10,train,458
a08030c6f,2,train,130
96607bca0,5,train,120
1d1451061,1,train,106
469894776,6,train,325
85f3279a4,4,train,422
50cbc6c8f,2,train,151
6219a1e79,3,train,122
d48e16ef4,3,train,76
9ff4a6c4f,15,train,67
bdf4a9ed9,2,train,122
bd7f4fcee,24,train,314
4c6fe4100,5,train,20
6f18704f7,5,train,565
11a30eacf,2,train,257
1e6c42df6,11,train,1700
1565d09ad,3,train,226
95a89f5f2,4,train,228
12a280806,11,train,20
10fbc9548,5,train,541
4298e4c15,8,train,404
f2aac285e,1,train,187
56845ff26,1,train,252
4ae940ec2,5,train,412
2acc0a068,6,train,1065
937d74077,5,train,1451
20d4ea30e,3,train,241
6632022cd,2,train,343
6b0da38ae,4,train,602
98e1a3f01,1,train,317
c91873618,2,train,168
a993cd91a,7,train,271
979d48d7b,25,train,218
0b3763054,1,train,12
6786609aa,1,train,272
120ae4dd3,5,train,342
5096467b6,2,train,61
fd740c8dc,4,train,346
b3f83cef6,5,train,190
120805f93,2,train,330
81d6d070c,4,train,131
fd2f64ea7,4,train,380
53b89efb9,4,train,358
5a181c011,2,train,11
3e82e76cb,2,train,87
ef06f5641,1,train,191
3bc0357ce,4,train,382
099115d38,1,train,206
79b439763,1,train,79
1d13441b9,1,train,228
fee5e43b2,3,train,477
8e0d93659,1,train,62
5f79b840f,3,train,559
f8b975c1f,5,train,187
871a00e21,1,train,112
59a3ee7ff,2,train,166
476d40031,4,train,121
9d76ed82f,3,train,200
beb93c6ab,4,train,474
de41ebc79,3,train,32
dbe634a4c,2,train,517
b446053b6,3,train,107
c220b4764,1,train,214
0d3081480,6,train,825
9dfee7db3,4,train,339
1380b76cf,5,train,265
84b297843,1,train,194
6bed4e9d5,6,train,38
7cf995ca4,1,train,64
eb7f34ac5,1,train,25
bd54c995a,11,train,927
f03a41229,2,train,241
e8f6ede8c,3,train,118
4d767b639,3,train,317
ef0b07c6b,5,train,48
365aaebc8,4,train,184
dcd0002db,2,train,107
1d8dd930a,3,train,270
52c49d6b6,2,train,94
80034deb8,2,train,273
48c9474d9,3,train,335
6b29b45d9,1,train,314
33f28ad35,1,train,148
2f0805ceb,2,train,173
fb9783859,1,train,39
e348d720a,3,train,447
1d373c973,1,train,48
b9e27a268,4,train,505
6c55e596d,1,train,148
e0bf99ea2,1,train,113
184a51562,1,train,314
a16c6d55d,2,train,383
3de1de812,3,train,122
aa0d42c80,7,train,813
258026ebe,2,train,418
3a1f2a306,1,train,110
e86d8e932,3,train,22
72b0f5c4d,1,train,78
43ddb2eb4,2,train,448
2dd6e4186,4,train,176
66f6cd1cb,3,train,71
20559d623,4,train,118
f845bd0c0,5,train,417
6ea2ddaf2,2,train,550
e6645c764,5,train,363
543130f60,1,train,296
c382bae22,2,train,167
79786edcd,4,train,17
aecff5a85,1,train,352
cd89328a8,1,train,226
d9f512b8b,5,train,363
6e06e37bc,2,train,656
d9fca8be8,3,train,887
22992ecd0,5,train,220
539177546,3,train,457
996b92780,4,train,97
dfdbfce71,2,train,136
e5ffc0a9d,5,train,326
f99a5e817,1,train,39
3ee05e0d5,5,train,398
2352b7f0e,1,train,1421
02401db5e,4,train,348
b0c2a069c,2,train,163
3c43b7541,1,train,32
c239d1834,4,train,177
2d19917cb,1,train,443
06afa3c64,9,train,649
f86f15c15,1,train,187
d4b2dcfb6,2,train,384
d560b8003,1,train,202
ce971a506,3,train,468
a21b2a42c,3,train,346
c39793853,1,train,376
f77a6e11c,2,train,152
6cb5e1b06,3,train,225
81ffabdc8,3,train,830
8d92ada81,5,train,895
1c4d6faac,4,train,265
f52510492,1,train,325
96ad2141c,1,train,59
c4ea89ddb,1,train,163
897fde926,5,train,402
e7fae9937,2,train,138
5f3a4dab0,7,train,125
d4c6c89ab,1,train,201
2619f003d,4,train,214
46fdbf640,1,train,12
6d22192b4,4,train,566
27ce98a2e,5,train,141
0fa63169f,1,train,40
4dcee3363,4,train,394
48615e613,3,train,930
725ee6572,2,train,207
137916924,1,train,273
d6b0d8aa9,3,train,129
18734d13e,3,train,536
a31b05e99,3,train,167
8ff8aefca,4,train,254
faf13c5cd,9,train,182
a2cf852c0,4,train,70
7fb135352,1,train,95
e507f855b,5,train,214
a972114e1,5,train,867
df09bd082,1,train,19
29e6c171d,1,train,329
388cd5b9c,5,train,447
4edc9ecc5,5,train,261
059d8d91f,2,train,549
47cda4c03,2,train,254
7d7eef3d3,4,train,445
b05a3ca1d,1,train,554
2e1fcc8c4,1,train,159
58a10d0cd,1,train,817
fe83618e5,3,train,520
18427ab22,5,train,710
98231df17,1,train,39
bbdcd94a9,1,train,357
208beeb80,3,train,679
a143b5edf,2,train,25
48cb3c66a,1,train,23
fb6c5726f,3,train,522
c863daf49,22,train,347
e60bbc064,3,train,587
bd0a144b0,1,train,615
3c7dd9982,1,train,44
748943e29,5,train,1234
7b3332622,5,train,205
662564431,3,train,477
3afe6f1fc,3,train,270
cd4b05b8c,2,train,116
c14530f38,2,train,303
99d5d4d41,2,train,161
0f24b6cd6,1,train,22
fe3a83fe5,4,train,345
9981290b2,3,train,414
82aa52460,1,train,37
add617e3c,2,train,118
86e49d18d,4,train,188
75310196e,2,train,165
a0c1384d1,5,train,299
3acfe9fcd,2,train,55
7395e5c70,5,train,221
4427541c0,2,train,315
2185647c2,1,train,521
1a2f33fec,1,train,91
16504b328,7,train,1
3004c3401,3,train,354
d1d9012db,4,train,431
35d860fe5,2,train,576
ef8782012,5,train,349
9817c3ef1,4,train,210
2b6fe231b,2,train,175
6be0a8fcd,5,train,175
da3702af2,3,train,63
c994bc1b2,4,train,221
ef5b463d4,1,train,379
f53c216e2,9,train,441
9278f7216,2,train,289
206dbf18e,3,train,345
2cf4994e7,3,train,209
c7b468b32,1,train,8
0bd394ec8,2,train,79
7db48c47a,3,train,180
75a803430,5,train,353
76de48e98,5,train,515
d5b9e0322,8,train,256
6f07e7abf,2,train,722
1dd6be0bc,17,train,429
8daa38a67,2,train,85
a362ad62e,2,train,1203
1c6e35149,2,train,89
5382ef1e5,1,train,170
17d90c2d9,4,train,163
3fc2f9495,4,train,701
38733d0a1,4,train,398
c64c9e2d4,1,train,0
acc81bdf5,2,train,1085
d37c4c951,2,train,623
c51c9e136,2,train,139
991519fdb,1,train,40
9c803d826,3,train,402
edef78673,1,train,110
c9364a529,4,train,284
89c28aad0,4,train,258
e13c47053,2,train,20
1c74d62ed,2,train,65
70b3d1f9c,1,train,251
99558286a,2,train,411
35225eb67,4,train,299
047c20d1a,3,train,1228
4e8daf8fd,2,train,121
eac15ca35,4,train,398
3595648ea,3,train,37
92ee6241d,8,train,64
266aee5b3,2,train,576
d3a6a081b,4,train,728
b03983a09,5,train,334
cbf6b6e42,3,train,252
186779691,1,train,398
acca0b2ed,1,train,371
319e533b6,1,train,4014
0a5be413e,1,train,12
34fd2f89a,2,train,16
a21f183ed,3,train,574
80599c4f4,7,train,322
ce0fbe463,11,train,396
6c14f7807,2,train,326
f2f8980cd,1,train,20
a345b4406,2,train,16
0b807a7dd,1,train,194
f1da458ce,3,train,300
99c7658be,2,train,40
269d8414a,13,train,483
6984b9727,2,train,94
57aa560b5,3,train,144
748207a86,4,train,232
f5f1ea56c,2,train,840
67a68df4a,1,train,24
ab8386c6d,1,train,55
19caeb6b5,3,train,205
db1f9bca1,2,train,108
81eb7857d,1,train,91
b690774cb,4,train,81
f0d5ff33a,5,train,126
62c16fa1a,3,train,12
5328a3ad8,5,train,736
9d8e58a2e,5,train,1068
495528ba4,3,train,441
abe27623b,1,train,62
e6ae12115,5,train,208
9684a1603,4,train,72
96cbe1e48,4,train,48
1c7a27088,2,train,102
444d1c6d6,2,train,15
18da94e9d,4,train,1272
43b5d3f4d,3,train,125
ca121ab91,1,train,127
57b35b749,1,train,75
c5d0fdfac,4,train,87
c81372ddd,4,train,359
efbd4c1e6,5,train,432
7af09e92f,1,train,194
f45beac10,1,train,46
b0d54f76e,5,train,834
c9a4f831b,2,train,336
78c894840,3,train,22
86d42fe3f,1,train,308
e3e339d6f,1,train,373
2204729ca,1,train,15
48b418070,2,train,108
b79df3351,5,train,438
020fbbc9d,2,train,326
30eb0f9e6,10,train,500
339a623c4,5,train,257
8240f1522,3,train,19
5eacd0a22,5,train,86
9fe3f6afa,9,train,353
de01d00eb,2,train,153
d3c880313,6,train,697
18ef93321,2,train,69
5ab429fcb,1,train,131
2d70f6a57,1,train,244
941eb9304,1,train,91
1a9733afb,2,train,331
6ba094bf4,1,train,155
a8b358af2,1,train,177
3c79a5547,1,train,233
e315452b5,2,train,50
5ebc60bb5,7,train,149
083787e4a,4,train,338
ee57c8d53,4,train,152
c120a6f75,3,train,68
3181e5424,2,train,460
e42a8863f,1,train,126
5edf4d9bb,4,train,371
1a2c23d4c,5,train,523
c4a2fd15a,2,train,82
ff22356ef,4,train,564
f0bb05fc7,4,train,119
3b4f31dc0,1,train,314
cba2fb07e,1,train,26
ea087d248,1,train,34
1633b105b,1,train,415
9e399c659,12,train,167
ca21c4266,4,train,710
ec496eb44,5,train,411
4e3e1ac61,2,train,57
459729cda,1,train,460
df12e4d3b,5,train,420
a5c5278b8,3,train,192
9024c21fc,1,train,168
fa3b3b348,10,train,2150
9bfb6a77f,4,train,338
310b5199f,2,train,69
9c714104f,4,train,419
ebff4722c,6,train,311
238c76ea1,6,train,435
e0e2880ae,1,train,264
f77a10b5f,7,train,308
edb8ace3a,2,train,182
7fa3ab674,4,train,201
4f1a882b3,4,train,37
e013ab581,3,train,805
7fea70079,5,train,350
0e6c32c9f,5,train,411
1ef7f27ab,3,train,156
cbc7dc778,8,train,286
a9f2b6e32,1,train,43
e9e263ee2,4,train,927
9a38d4275,1,train,138
942b2ba7d,1,train,557
f8530e295,2,train,103
3712c63fd,2,train,351
1b08020b7,4,train,769
da2cdb505,1,train,292
47a5a9516,1,train,105
148f526cb,4,train,237
46e25aa2b,2,train,291
7baa8082a,5,train,397
53f3e56a3,2,train,120
c69bdf768,4,train,24
d8697f0fd,1,train,122
4c04c9cba,2,train,477
ab519bf92,2,train,181
bf12ff750,1,train,164
76c194060,2,train,209
30e66b835,3,train,40
170fa3d49,4,train,365
8b6f2ff52,9,train,422
0f6c2d090,11,train,349
0d20efa95,5,train,490
2d8ec2cff,3,train,127
2a73c2356,1,train,123
7e2ce5b3e,6,train,686
40c204453,4,train,297
d2f04a19a,2,train,678
fc19f9c36,3,train,64
6ef7f0012,2,train,108
f90722a00,6,train,291
82d9cd76e,5,train,397
267162afd,12,train,35
79e5de9a7,1,train,95
9ca6debf5,4,train,93
fe4bb01a6,4,train,339
8bdffc917,3,train,430
c712cfd20,2,train,212
7c787403c,2,train,237
833c51fd2,4,train,342
a5b4b663d,1,train,418
eea7548f0,2,train,807
e2204552c,1,train,256
c38afccab,1,train,46
03f130f5f,3,train,16
05935bf08,3,train,347
1aaa74b35,1,train,122
63f2be2e0,5,train,694
9223ae4c4,5,train,368
269a6756f,5,train,83
1b6c5e07e,5,train,293
3fccff52b,2,train,275
352522dbd,6,train,594
0a266921d,1,train,572
226e8fe7c,1,train,342
f29afd123,1,train,85
b477ad589,1,train,274
de2d4f372,1,train,171
6d8793638,1,train,199
0935ab38b,1,train,185
c8b79357a,3,train,118
0ce98d199,1,train,465
2083834e2,5,train,312
9c583aec6,4,train,399
105456da4,3,train,222
784e466b1,4,train,313
1b945f406,4,train,508
621b83ac7,19,train,1619
e4424b719,1,train,588
f500d6361,2,train,229
32918fcdf,1,train,142
01e5e057b,1,train,483
b8088575c,3,train,109
147bd18e0,4,train,222
784ec5ba3,1,train,556
467614705,12,train,1463
c272d9284,4,train,109
861d65847,10,train,486
8cf93cab0,2,train,110
06df96299,4,train,15
664d0bed8,6,train,714
133cc5f19,3,train,264
e16fc7feb,2,train,147
f160ae385,3,train,14
70fb603fd,2,train,48
ed97d1485,1,train,256
09ca98f7b,14,train,87
8bb1c8a6f,2,train,1107
80ae0a34f,4,train,359
5b4745340,3,train,884
628439a3a,3,train,182
46dea66ea,1,train,195
4103336dd,1,train,428
6ec9364a7,2,train,260
f9b0d3370,1,train,70
183eb3fe5,14,train,1449
ace3a3299,1,train,184
5dd3f3eb0,4,train,462
ace8a42bd,5,train,761
daabe5f9d,1,train,275
99ba1c605,3,train,213
59e6d1d66,5,train,960
c66def50c,2,train,269
c5422c04b,1,train,89
91d6a2898,2,train,74
d20ea312e,4,train,419
f391fc44e,5,train,182
c0bc43dd6,1,train,119
e6dff6d40,3,train,423
167233db2,1,train,12
a94208b35,7,train,138
6e3631a29,2,train,54
8a811328d,1,train,166
cf68421ff,7,train,586
304f1260c,3,train,203
ab87287a4,3,train,168
c12883eaa,1,train,14
d8727d356,2,train,244
dcb42ee1e,1,train,1474
8361219e7,2,train,529
b99d5d532,3,train,70
5fe2e44a2,1,train,39
5962cfdd9,1,train,283
bed5b657b,2,train,261
6257ac9e4,7,train,371
1bbb46822,1,train,88
0c5fe8151,2,train,590
18f45d2ad,5,train,1038
5b7fd5349,1,train,12
685b2cbe4,4,train,184
325a6a746,4,train,322
2f595e715,6,train,292
6e643eba1,5,train,1144
6bf6880bd,1,train,10
ccccfeabe,3,train,247
d6ad64584,4,train,220
73a25206b,4,train,326
3433731c5,1,train,418
283d0763f,1,train,67
642a88a93,3,train,647
fe38b7b23,5,train,588
50ef65df7,1,train,173
6c7251bc8,6,train,386
abe8790ba,4,train,141
bea39d7ec,1,train,194
fc537bc7f,1,train,543
64a3f89ee,1,train,17
ed8e10562,6,train,45
9a96189d5,3,train,16
89c2d660c,1,train,238
d3c79cf76,1,train,237
ab09748d1,3,train,544
cdd50f583,3,train,191
7133307db,4,train,152
681be6214,5,train,308
c1278fe60,2,train,180
8421c66e6,3,train,278
78f87a45d,4,train,652
db4a0242a,3,train,471
3ce643dc5,1,train,79
9da5c9d23,1,train,153
0b3f851f0,4,train,179
22cf2902d,1,train,122
22e9d72ce,3,train,114
8fc9d6c1a,2,train,298
191043d9c,1,train,54
b95928aef,2,train,90
f729f19c5,1,train,301
2483a71c4,3,train,937
37438ea50,1,train,201
fe9e5aa06,2,train,45
3c3b9b731,2,train,56
585a705fc,2,train,16
b4d341b10,2,train,12
180f1ef16,2,train,184
85fd5df90,2,train,2224
42103b22e,5,train,129
7b49d0924,5,train,330
cef75bfab,3,train,172
c04cf0018,2,train,22
36cc00cf3,2,train,307
ccd14639f,2,train,582
4b949e5c7,1,train,45
5fd83540b,1,train,43
c68815d52,2,train,340
25bdd7d90,4,train,635
46f6472bb,2,train,41
a2e82a58a,2,train,70
944db63df,1,train,123
deb0ad8cd,3,train,1574
6381b1706,3,train,267
100aed9a3,2,train,12
56b63bfb3,8,train,83
cf2ae9919,3,train,755
b906d9b78,1,train,54
df8425410,1,train,122
0fa6ba30b,5,train,131
4cdb41608,6,train,755
f24991ef7,8,train,340
54ec12bf6,2,train,482
a73b9eafd,3,train,91
e65daf4dd,1,train,114
f5fc7d4a5,1,train,444
b1307cb03,1,train,354
bfdde77ff,1,train,109
0d7247d3e,3,train,169
31dbaafaa,3,train,670
a99968c35,1,train,535
029469d58,3,train,260
cae5c7ef1,1,train,170
12e747332,3,train,14
965adb809,2,train,365
22a7a8a13,5,train,22
fa0295935,3,train,566
02387e247,3,train,346
7b8d76961,1,train,143
ebd128d90,5,train,41
da7bed1f8,3,train,13
2630db5dc,1,train,771
70ffcfbcb,3,train,291
a8249d599,3,train,168
3c273e42f,5,train,331
baefc2985,1,train,131
b58cef42d,4,train,31
4ef15a1c6,3,train,119
3b4b4cb9c,5,train,166
102ed9019,4,train,520
926070c80,4,train,6
dba9050f5,2,train,107
ed5c2d9dd,1,train,202
5b07e0e6a,5,train,76
7509ed502,1,train,49
a686164c9,5,train,44
734459ad1,4,train,676
878214747,2,train,243
4ec3a7275,2,train,36
38436063c,1,train,421
06db81e31,1,train,224
a9575b655,3,train,323
fafa7ddb0,5,train,403
0858e3a6e,5,train,119
37e2f042b,9,train,276
faa62a75b,2,train,19
e73146163,4,train,1173
ed5b8276f,4,train,242
5f5bd40ca,4,train,928
0a20eaed8,1,train,850
53bb1d133,3,train,231
e4f117930,3,train,280
89f229ee8,4,train,226
e6335223e,1,train,422
9f0635623,5,train,20
92a173c59,6,train,265
4ce0b81f5,3,train,257
c7a324d3d,2,train,808
7cc9b21fd,2,train,394
db61b1f31,4,train,391
7abe9a0a1,2,train,333
4cb8fe436,2,train,327
2618aa6a2,5,train,999
76aa06fb0,1,train,89
d15a5363e,5,train,207
2cd806c03,1,train,252
e2101b7d1,3,train,380
dd579722a,4,train,653
fddd6ef11,1,train,397
804d08f42,5,train,672
26a1a063b,5,train,104
9351d5173,2,train,249
b82ec4b47,3,train,86
8368a0a44,4,train,62
965054b9e,1,train,355
c66946e39,6,train,238
e9e06e3f6,3,train,383
c8519aacb,5,train,329
8b1b5fcfc,3,train,534
c2eec623c,1,train,65
ca3312b77,1,train,9
7a785a607,1,train,105
eb22ed27d,4,train,57
79f8b048f,2,train,540
39e9ecb70,1,train,75
0822db812,2,train,323
74d7a26bc,9,train,1884
5009ff19c,1,train,238
f53e55959,9,train,338
a9be5c4ab,5,train,239
718a5d950,2,train,36
6da06ed36,1,train,166
d21ed8b84,1,train,123
83d94a6e6,3,train,58
05312ba72,1,train,337
e3dbfe4c0,8,train,348
1eeb4ea81,3,train,166
3cc84c2f8,5,train,297
148686ce8,2,train,135
31b3d9b10,4,train,351
6c7db281b,2,train,533
e723eee29,5,train,141
d7f938acd,4,train,352
c54b26d73,2,train,273
e77f9e778,3,train,239
b6661be84,3,train,311
77c076881,1,train,419
9e2039291,8,train,1534
67994352b,1,train,259
e6c917eb2,4,train,98
53895ad35,5,train,337
0f122f712,1,train,12
45ea16ef8,3,train,482
6917782f7,23,train,1245
f44a6cdaf,4,train,244
cc60d07c7,3,train,523
517a669f2,1,train,61
67ef0c9a6,2,train,382
99a994cb1,2,train,127
c996b2baf,2,train,391
a42c62fc0,4,train,116
e10252ca3,2,train,97
bf6ef8c07,5,train,155
d1fa13f8d,2,train,307
729f4d5fa,2,train,85
38e87cee8,5,train,186
e6292a7b6,5,train,158
57dcbe4c9,1,train,479
afc933f32,8,train,215
21a7f4896,1,train,251
ab10e0e8c,2,train,97
8e1111452,4,train,271
7d7e57f81,2,train,82
9a5da8156,4,train,12
db957842b,4,train,564
49a867af7,5,train,207
22e1f3438,2,train,244
0594ed847,2,train,228
9c68827b5,1,train,72
33a9dff78,1,train,295
a40a230be,2,train,234
3f834da3b,4,train,52
158b502d3,8,train,620
98565468b,1,train,143
e0f3c756a,2,train,114
5a289a426,2,train,123
235572f38,1,train,45
11b3fd45f,6,train,425
cbaabed93,2,train,250
34221a4f8,4,train,226
eb81b0503,4,train,309
fbed8fc1a,9,train,806
d538c491f,4,train,94
508f87cfc,1,train,68
e4460cb03,5,train,104
ee93b2d47,8,train,63
f3b52a69c,4,train,4545
f7675eb96,2,train,1085
5f235ec16,1,train,38
cbd6b3064,1,train,320
c5072890c,5,train,199
97db95d21,5,train,32
8cba08869,1,train,362
699ee7fa6,6,train,285
059baa037,1,train,113
786486296,1,train,297
68b8dab3b,1,train,838
6b5f208fc,11,train,225
8b8229f52,3,train,346
19db3e21f,5,train,258
e47aeed72,5,train,68
af514b027,3,train,302
d83dd7fc2,3,train,416
ea7fc7f4f,1,train,508
685010499,1,train,222
bc7eb8b16,1,train,46
d26ebd584,4,train,763
9f194db92,5,train,322
2a556d826,2,train,386
88cc9be30,1,train,506
cdcd32165,4,train,871
00f63c6fc,1,train,62
ab503c64a,4,train,80
f454ac205,2,train,1099
c874c7c7c,5,train,362
611970ebc,1,train,208
3313aa06f,1,train,44
d680ddf5d,11,train,262
64f06dc3b,2,train,537
8a15669da,1,train,709
db8a8df8a,1,train,342
3ea49aa4f,3,train,354
cea2544a7,12,train,771
ddae7aede,4,train,134
ae52ea5c4,1,train,232
a1c1dbf8a,3,train,1706
5971694db,4,train,238
dbabe4e51,1,train,84
355743336,4,train,301
355756bdc,3,train,268
184ea777b,5,train,120
36bb93372,4,train,641
596d784b2,3,train,356
f17d4ab32,10,train,321
d4f31b018,1,train,629
a68e8378d,3,train,47
163133ac9,5,train,19
11a993099,15,train,365
52e555a3a,3,train,163
b49c33f08,1,train,207
770eca5eb,4,train,155
9c4af0f83,2,train,40
daad5c208,1,train,12
ab41920c4,3,train,172
b82317efb,2,train,383
b1818e562,2,train,437
902624c4b,5,train,522
2a06a5244,1,train,12
e472219f1,2,train,351
74517d04f,1,train,32
7b8924342,2,train,259
603dbe569,1,train,812
f888d5f54,3,train,250
90204109f,6,train,915
f60ee7233,1,train,306
48432dfa0,3,train,530
3eb8ef7b3,3,train,14
21a56b530,3,train,699
c2ec1becc,3,train,335
a768123bd,3,train,492
f222ca167,4,train,148
577d15fea,1,train,107
1f72d4b56,3,train,12
f95db0cb5,2,train,413
426bb5e4c,3,train,338
e3749ff79,3,train,193
6561001c8,5,train,35
6cdc6cab4,3,train,332
5a3113fdd,5,train,167
64f5e2165,3,train,254
b310f969f,5,train,1814
502d58dea,4,train,720
d0bf2b3bf,2,train,562
013527aeb,1,train,530
a009a2f0f,2,train,73
00af25fc0,3,train,847
b5b6b9398,1,train,143
bb5f471dd,1,train,353
c1f16a59a,2,train,55
6f1e6e8ed,4,train,662
9ce27322b,1,train,262
c58018973,2,train,44
189bb90dc,1,train,334
dd5797b7f,1,train,493
78b51f6a0,10,train,1802
ca74b17a9,2,train,437
476b3dbe5,1,train,372
1b6d1b049,3,train,106
01ba86830,1,train,127
6f14bc8cd,2,train,51
e3427692e,3,train,91
9160fdb5f,1,train,268
a85457e16,3,train,818
2d441a71b,2,train,352
0ff50cbd5,4,train,72
a9772bfa3,5,train,333
7867f152c,5,train,89
23941ded4,1,train,208
69df3f618,2,train,92
efa71e34a,3,train,267
a6c9fd936,3,train,227
e418eb448,1,train,1317
3335796f3,2,train,448
f06da7096,3,train,263
62dc0532f,3,train,340
239844635,1,train,423
ab94dbe57,3,train,124
e811cd880,2,train,408
4d2dec2f3,4,train,178
92935062a,12,train,107
cdb4a7a7d,1,train,59
25ef79825,2,train,433
8d5678b98,1,train,250
7a5091ca2,7,train,825
b67778d17,3,train,125
889ae00e3,2,train,91
865e968b4,2,train,171
ac813296c,8,train,669
a978a37e7,5,train,780
90ce48a71,3,train,376
9a1a1d801,2,train,82
5ee1c77a0,2,train,175
8dfc9cc69,4,train,869
404eb3b06,2,train,138
88c0e21d1,3,train,1579
c82e4964c,5,train,230
2a5e70892,4,train,379
f6c14900d,3,train,124
6774f84e3,2,train,276
3d985e1bf,5,train,17
e2f39a17e,2,train,1103
fadae6510,4,train,334
204ca9f14,1,train,15
607744326,1,train,178
e633386b0,1,train,24
1fecd2bab,4,train,193
0b4a33baa,1,train,298
086e528f0,3,train,227
015c353ce,9,train,583
c2deaf1e4,3,train,301
10e27da02,5,train,554
9945b5ac5,4,train,974
271bb0de8,2,train,567
8685a0b1c,1,train,133
73c4d95a2,5,train,395
7d1d0d496,4,train,218
eb8aeff64,2,train,387
f819c7b65,1,train,39
b08012e7f,1,train,534
44fff524f,2,train,42
5407c6e1a,8,train,167
e90137a54,2,train,37
91a4c6b77,3,train,219
e86af84c5,3,train,136
77d395a82,2,train,88
072ae6d9e,2,train,223
db77fdb46,2,train,350
5884b684d,3,train,454
761523328,5,train,88
8a7fcc8cd,5,train,87
215b68785,2,train,830
ecad98f44,1,train,151
6ea6cde88,3,train,448
035ff37c6,1,train,252
e935ae1d8,4,train,144
f6e56c908,3,train,256
0499e1ea8,1,train,22
03ea48efa,4,train,454
8aaff4d83,5,train,168
c026becc2,1,train,770
082838f84,1,train,751
b460a9761,1,train,74
4dff83c9f,4,train,236
628f11673,3,train,247
1b5e18242,1,train,82
0c5dbd29f,1,train,356
1398adca0,5,train,357
5ff1a0cae,1,train,52
279a5187c,2,train,102
5bd62c76f,5,train,359
bb74a9d58,1,train,1245
243f7f43e,1,train,1411
2962fc103,3,train,771
f84b22dae,2,train,232
4f279d30c,5,train,821
58a4768a6,14,train,824
22145fe75,2,train,182
1171c9a41,2,train,231
86e1089a3,1,train,359
4f8a564a2,1,train,142
bf8aa8f96,1,train,729
7a7835503,7,train,2176
9f2948e8e,1,train,195
d4e6a9aab,2,train,453
894da0f10,9,train,320
cf7d3eec0,3,train,345
53ef098c0,1,train,74
244cca93e,3,train,295
9b1b9876d,3,train,230
2f4c6ada3,4,train,697
4a9793dfb,1,train,507
dde0775b8,9,train,57
ba2d4e877,2,train,1318
0f366f264,1,train,705
f5170bc70,2,train,838
3bb5061e6,1,train,783
cf574d89c,5,train,252
319f3e6e7,1,train,39
078a26f06,2,train,7
db0875ffd,6,train,184
e3897d3cb,1,train,181
6a5c652b5,1,train,132
76024f2ed,5,train,141
f1d86e6ea,2,train,250
3be9dc4cd,5,train,4582
b16c55a91,1,train,161
ffaa73202,1,train,240
252b8d395,1,train,497
406f92f52,5,train,93
0f796d3f9,4,train,257
4b378329b,4,train,156
189637f90,3,train,216
34dc86aae,1,train,448
2bf2c6260,4,train,232
1dc90fbb8,2,train,323
afe326f34,2,train,1699
5c94ecc07,4,train,178
cea713af9,4,train,263
6cf098e3a,5,train,186
56e91b142,1,train,272
c8b38c65e,6,train,51
ae0076e01,4,train,122
ac1b33d79,6,train,986
3d8760efc,5,train,415
db05d2fb1,1,train,243
4068b452d,5,train,378
e4eccb132,6,train,160
569e2b299,1,train,279
34cedf9bb,5,train,729
f5b2c6fc0,2,train,42
45271caa8,2,train,59
14357e2ed,1,train,562
4c0de1708,2,train,443
aa0f2c425,2,train,316
d246be504,1,train,12
a58d8080b,1,train,742
cb5e73024,1,train,726
d3ebee32b,3,train,54
90b927fdd,3,train,52
5dbb2fd0b,1,train,73
4d6350e54,2,train,940
779d50e4f,1,train,16
2959602fc,2,train,491
2c5f2907a,5,train,254
cce8fa6c2,3,train,206
d168549f2,5,train,340
3ea3cf8d4,1,train,271
9fb0aedb7,2,train,97
ce0412bad,1,train,15
32eb3673a,4,train,437
a04923326,4,train,394
85ff0f493,2,train,183
8a1b27ab1,3,train,307
c0604b559,2,train,149
2b31f1be3,6,train,325
fe854f6a1,3,train,327
d31e4c6c8,5,train,104
4cfbb4616,2,train,114
c9cc0915c,4,train,130
fb9390214,8,train,603
610c05772,4,train,408
f7b67fd7f,1,train,12
e3a372f31,1,train,232
86c1be8f0,2,train,160
5c881b941,1,train,331
380eaa884,11,train,1028
cc54b47b4,5,train,657
749afb385,1,train,371
a572b746b,6,train,430
6ef02d7e9,5,train,161
874e791f9,3,train,242
b178f36d1,4,train,67
0111f92ff,5,train,77
138c79a01,4,train,821
7bf5ab7bd,5,train,210
6f36088f5,1,train,149
3a8f89229,4,train,273
1bbadc050,1,train,431
572e98234,5,train,334
f31cebfd0,3,train,67
92db7f14c,3,train,267
fa0010ce5,1,train,576
8b9739cef,2,train,73
fc02869d9,5,train,218
91d230036,3,train,726
1e5aeb31d,2,train,291
77c9c2e64,7,train,2110
fc43d7ddb,1,train,113
55b797c90,3,train,405
ff14c3dbe,1,train,116
fa2c37e6a,4,train,224
196b39897,1,train,10
dac60bd9c,1,train,113
3a93093cc,3,train,56
07218c870,1,train,12
eb21c0250,1,train,278
6295b5bc0,4,train,126
bcee746ce,3,train,295
9d82e4438,5,train,0
2625dcb50,8,train,459
75fc7829e,2,train,288
0936ce7b4,2,train,274
b6684c4b7,7,train,715
24ea0569a,5,train,1024
0636650db,1,train,225
94f353c2f,4,train,168
cd067a495,1,train,142
6fef6e555,4,train,211
0637293ec,3,train,806
3b8b38508,8,train,297
249112486,1,train,249
cb8193d43,4,train,105
1d72ec242,7,train,296
0146f6d2c,1,train,475
230232e58,2,train,221
5aeba94a3,1,train,778
bfdd20655,2,train,405
2563127ad,3,train,123
958a86135,5,train,55
8f1bdc253,2,train,2210
146d950bc,1,train,168
4effbea00,2,train,2167
91697ee90,3,train,283
1a67ffb8b,2,train,16
20845a37b,1,train,98
c33220375,1,train,12
0977caea0,1,train,425
cc9c0e1e7,5,train,192
4dbcd1d36,4,train,488
e48598033,2,train,152
392df6910,5,train,198
4d7fd1ee8,8,train,126
bb6276b35,1,train,131
672ddf4a9,6,train,326
11960b9ed,1,train,199
a05674125,4,train,89
22d381889,1,train,100
907f77c78,1,train,361
a2a899dab,6,train,431
fca85f778,2,train,106
106e252d9,12,train,647
d4bc5b7ca,1,train,204
4baa2968b,5,train,901
4dad8252f,1,train,36
8a2998a32,7,train,452
a6593fb48,6,train,493
02c7d1b74,4,train,29
74b9e9fc0,4,train,143
6dbb13673,3,train,137
2a1bd7d28,5,train,384
dd36ab692,3,train,43
36ccd9729,2,train,23
7d4f585b5,5,train,519
694653d6a,3,train,214
6da53f587,11,train,242
e772235aa,1,train,166
c2490d2cf,2,train,1567
3c2a1ed3b,2,train,488
15adc8d48,1,train,241
d04fbf327,2,train,190
0e49c7f19,4,train,353
918fab9e8,3,train,78
6a9d18d89,5,train,1520
f85ae1408,2,train,809
af9279a3f,4,train,660
69d8727b7,3,train,271
6b6d2c65f,1,train,154
6be53d844,3,train,85
b672b7465,2,train,126
ee8c56246,2,train,373
9b515d697,2,train,849
b67261194,1,train,181
2c7a8ea18,4,train,289
9304f9f8b,1,train,93
f5a34370d,3,train,32
4084b0a93,3,train,481
90592e40c,1,train,267
dfb59bbe9,1,train,35
6dcb51c02,5,train,180
0b57ed86a,4,train,682
99558ec92,3,train,426
72bb30805,1,train,196
48f8d1d90,3,train,532
2edce7d92,5,train,633
7986a1870,4,train,178
37f8a39c4,1,train,182
d6cfa5d4b,2,train,342
3d7204289,3,train,385
7dcd7351d,5,train,1010
a892f5fd3,8,train,112
bd763ab11,2,train,105
3991dd72d,4,train,243
ba5526238,1,train,264
5f8d00436,1,train,394
eb8adeef1,1,train,170
9ab7e48e8,1,train,160
4a8ac8bff,2,train,335
451d64f26,4,train,142
f8c6ed1a5,6,train,525
3c778df64,4,train,85
fa9df3011,5,train,723
5145f87a0,9,train,423
35296e056,1,train,60
fe0e76ddf,1,train,13
f91147e5f,3,train,777
26bba34a6,1,train,283
fc229a9d7,2,train,216
e17f6ac56,4,train,226
f72d7a939,4,train,295
92d5ac408,14,train,572
dbe30d86f,16,train,374
59cf08ff3,1,train,437
605eca728,1,train,334
9c7476c25,3,train,91
01802debf,9,train,734
25f6db0fd,1,train,55
c30f7cde0,1,train,377
cd4624a1a,3,train,155
4082acebb,1,train,22
e11190906,3,train,34
e1e58cd50,6,train,992
0a4fc94e5,1,train,103
7fbd06366,1,train,99
7aefa7eeb,7,train,245
65b05f438,3,train,414
992feb0f1,3,train,660
567c1ab71,5,train,12
59ee91cf8,1,train,221
35a62a8b1,1,train,39
ec0316213,1,train,187
c92256e41,2,train,130
9e046289f,2,train,24
ebd3ef2f9,5,train,16
9e6abcf6c,5,train,116
813658b4b,1,train,280
58fe1756c,2,train,188
ee9ba4990,3,train,179
770f24682,1,train,257
fdb03c163,2,train,315
98c17f102,7,train,607
5e4154870,3,train,0
a5f6e77bf,1,train,257
7d7fddaed,4,train,18
0532bf9d3,1,train,544
93ccba02b,1,train,169
0a6b9433e,3,train,139
6d84d3a2f,3,train,653
3e0ce6020,2,train,83
3d9346cfb,2,train,83
3bb43df82,16,train,830
5c82c5903,2,train,42
d005caf41,1,train,427
fa18941f4,4,train,457
a30803552,1,train,361
8648922dd,1,train,52
73a2be705,5,train,1376
1877d9a0d,4,train,145
087804d85,5,train,333
9167921b2,3,train,326
2b82af067,5,train,40
93cfea76a,3,train,189
e64404196,5,train,681
e267af6d8,1,train,153
403aa5c4b,1,train,176
d2dd62cf2,2,train,208
4552e7972,1,train,477
e910d17de,4,train,131
cb9527612,3,train,323
ba8d53f1e,1,train,4
3f03da51e,11,train,229
0c3ce1826,4,train,154
0d4b69793,4,train,790
f310c42f2,1,train,33
d9c0e3284,1,train,537
7cbe52a0f,2,train,801
11f062cb4,4,train,101
de2460808,3,train,224
37fb97f8b,3,train,762
c92cdf20c,2,train,466
b686d33cd,3,train,1383
fecec878e,2,train,117
40501d365,1,train,1923
ad19a6ee0,4,train,353
8abb96298,7,train,49
9fb186834,1,train,775
9c1cbec2f,5,train,561
32aa78316,4,train,471
7ba58565e,3,train,261
73717bc4f,1,train,200
4f3e35156,7,train,55
8102d6dc7,1,train,117
e07812482,1,train,135
8c3d81083,2,train,112
40f17b3a1,3,train,203
89523a695,2,train,517
a6ac8884b,1,train,12
8bda483ec,4,train,166
bec49d8b7,1,train,325
015770429,4,train,186
618e97eeb,1,train,23
afaadb62f,5,train,178
5ff169a48,1,train,423
124e6af5e,5,train,660
092b32197,1,train,141
b70f7c3d6,4,train,377
45c278a7d,2,train,116
4cc49be2a,3,train,208
a5acfe9ed,1,train,1420
ed7c0ebb1,1,train,16
58a7e1caf,2,train,298
1c9a2baf6,1,train,637
80723d694,7,train,1138
7dfa4e393,2,train,446
8e3e0ffde,1,train,703
4c3a2c536,5,train,90
254c3305f,3,train,346
0f9f0dd0e,3,train,721
bafa8c847,5,train,278
37d88b689,4,train,416
d0aa84916,1,train,201
20e75472d,3,train,258
91c4cb54d,5,train,412
553b61d90,9,train,203
e9292cee2,5,train,163
f8e1ea097,5,train,232
ee2793324,3,train,131
c93e86f5d,8,train,475
f5257c5e4,2,train,265
533f52fff,11,train,274
6ce342cfe,9,train,167
ae17429ae,3,train,382
b0be76af8,3,train,50
46d88ca3e,4,train,701
bbf029a0a,6,train,22
b17f7a1fc,5,train,163
dbf8ba091,1,train,302
970910885,1,train,428
050277142,4,train,33
51337d3a4,4,train,259
2d0b49c8f,4,train,99
40b64aa21,4,train,900
0bd2d5882,1,train,12
456c7a365,3,train,75
f5e9075c9,3,train,146
1154c26ac,1,train,489
db4165316,3,train,161
69c9ba4b3,5,train,34
2614882d1,3,train,617
6975353f1,1,train,59
64c2d97a4,2,train,151
28c4588e5,6,train,222
bf5700a80,5,train,105
da840f8d4,4,train,157
abfad94f2,1,train,2178
790e639ed,5,train,171
732b578ff,1,train,383
08f038689,1,train,189
0a76a6cf3,1,train,162
5698c00e2,5,train,510
70337537c,5,train,99
446748891,5,train,214
0cde886ff,1,train,361
dc56ff89a,2,train,589
c7969bc23,2,train,358
f68bec222,3,train,510
94e9e97c4,5,train,187
ba2904fd9,2,train,1215
b7dda91fe,2,train,350
f33406495,3,train,286
652787a1f,5,train,376
3be154287,3,train,461
84fdd34c7,5,train,348
917ca93b3,9,train,550
a5965cea5,3,train,40
b898e8d6c,1,train,151
ca81b2566,4,train,304
a483f0d49,14,train,369
336504b7d,1,train,95
d687c7171,4,train,1995
6f46311db,9,train,340
fce854722,2,train,276
a0fd5da22,1,train,144
78551abb5,2,train,274
1cac8717d,1,train,99
7f8955f6a,4,train,247
35e96ea98,1,train,278
fe879c04e,3,train,147
8b53dec4c,2,train,528
9bec6db97,3,train,211
5ddd7f219,3,train,153
bf190a061,4,train,517
e18d31575,5,train,1001
8c7b2f093,2,train,229
8b17616d3,3,train,226
9beedceb9,3,train,229
5250b8bc3,1,train,47
b641cecaf,2,train,113
d08cf8cb2,2,train,117
ee2e82f01,5,train,503
528115548,1,train,89
4470adc62,1,train,122
a63364c39,6,train,928
f6ea19029,6,train,52
c6e763332,1,train,14
5fcb3804f,1,train,31
5edc72757,7,train,248
e8e8a47fd,9,train,909
351f3746c,1,train,736
b4d16b6f6,4,train,572
172433b2f,1,train,16
aae0d180c,1,train,99
d5cbed556,1,train,43
fc5f63812,5,train,208
99ed50a86,2,train,103
46518b224,2,train,216
8335d65e0,1,train,89
440676acb,1,train,92
62550cf78,3,train,37
a062234cb,1,train,707
7a54b760e,3,train,1199
504ce7187,1,train,288
6697a7f62,1,test,195
23b64fe21,8,test,450
41e824cbe,20,test,1627
6c3d7237b,2,test,543
97b0b5d92,2,test,111
5eb355cea,6,test,403
bf2b57c9d,3,test,227
4f6029457,4,test,337
fe09dbb56,5,test,73
9b3e95995,11,test,1428
409ccc60e,11,test,244
ef7ffcc3e,4,test,208
be0888771,3,test,254
7cdd625cc,9,test,745
f7550219b,5,test,79
95b94b4ac,5,test,54
a7d9451a5,9,test,262
b51b41933,19,test,139
4cfd0fac0,6,test,1354
68c69f5c1,9,test,39
b71eb2942,3,test,304
9ba11975b,4,test,356
97916de84,5,test,285
bd0bfa1f6,5,test,206
699365a99,1,test,73
684567fc4,3,test,466
3ca4780f5,7,test,360
9e876d171,11,test,476
25c1c662b,1,test,203
9c833c8c4,5,test,413
cf98480e0,5,test,414
ecb6979fa,4,test,108
11948e0ef,6,test,471
31893804f,1,test,197
87554ea1f,2,test,222
0fd9076d7,14,test,12
8a7860ee2,1,test,472
89bac4c29,1,test,77
21493e6ea,8,test,242
de7905c9c,2,test,119
6d53b2d19,5,test,732
64c4f9057,4,test,608
9f40dbc58,5,test,180
6f358dea9,5,test,134
16d4039e7,14,test,149
c634af483,5,test,2023
c1db71d88,7,test,189
7d2e1dd01,1,test,122
e77941c00,3,test,421
228e88a51,5,test,51
d5124cdcc,6,test,757
ca28c5e51,5,test,1020
38fd4509d,1,test,405
d3e488484,2,test,89
65ba8b6a0,5,test,313
f5e329595,3,test,130
1fc6f94cc,1,test,38
e39881452,3,test,154
56d7f894f,2,test,336
1eb9e12e8,4,test,455
76e071fcb,1,test,193
8ccb8778d,5,test,268
0e1f78a77,9,test,462
654acdb4b,8,test,392
249b350de,4,test,33
d08d2829f,5,test,1860
ffdad97e5,2,test,122
8a420e638,1,test,78
8396c07c5,3,test,481
e9d8c098c,5,test,369
d1ef3e54a,6,test,242
a118d66aa,2,test,391
da4a5403d,2,test,333
7d4fceffc,2,test,64
cad25c91b,30,test,189
24890da9b,13,test,275
ebabceece,3,test,100
bff5e06f5,8,test,233
01d0a7f3f,8,test,225
aefafcc66,5,test,741
2b46246db,3,test,60
35b1c5db4,3,test,329
01c7411ef,1,test,226
9a9707c98,5,test,60
d3411347b,13,test,271
63d254530,22,test,1884
fdd191ba0,8,test,343
99c110585,5,test,716
ff127e4d3,1,test,1297
2e1448ee0,4,test,279
91389ff80,2,test,36
b3971f06b,3,test,307
1fd1d2349,2,test,817
25fce0465,4,test,380
d5abad72c,3,test,344
ca902248f,4,test,464
d02861aca,5,test,681
1fd056050,5,test,577
1ea31c6df,5,test,115
7e681c7eb,5,test,12
251f4dd60,6,test,409
12d514ef2,8,test,720
4d40cfa55,7,test,373
2bd8e5830,3,test,168
7193a5332,2,test,333
8b3afe216,2,test,257
2e77e1c78,5,test,202
42149c9e3,5,test,356
8b34370aa,2,test,89
df4d893b9,3,test,542
25b827551,1,test,443
909d9e158,4,test,119
dc4747d5c,3,test,39
ab8a8e5c9,7,test,53
28af5e0d3,7,test,85
32cda3189,5,test,264
f296a9ee2,5,test,246
0ce5d0b5f,3,test,351
77d4eba90,4,test,359
be4275440,1,test,99
89a396d79,2,test,99
fc93e5aa5,10,test,38
a5a71bc27,5,test,69
c09e086c8,12,test,7
04e829d49,1,test,115
15a828f9d,22,test,336
5b539effd,2,test,184
4133ec13c,11,test,1124
a59aa3f80,2,test,643
b36616178,7,test,16
0e56a693b,8,test,1041
e5a2e7156,4,test,261
1f6dc1747,20,test,656
b18e25ae6,8,test,137
0e736f310,4,test,339
0d873789a,1,test,689
dcdb6907c,3,test,138
f8d3b2e51,2,test,225
bbaa4a431,1,test,1
bf74b13ab,3,test,489
b47109e90,5,test,149
b5c41169c,4,test,460
c5f20f40f,10,test,248
375794bcb,2,test,363
5ff246254,2,test,113
656246ceb,1,test,105
d2f099410,4,test,689
907fc239e,2,test,365
788e8757d,3,test,71
c02ce1bc0,6,test,407
1de2c7e27,13,test,437
b40a8ff86,5,test,224
da962d158,6,test,301
2aadf6110,5,test,494
b271a8246,2,test,183
d67c5c6cf,1,test,400
7c37095b6,3,test,185
2dfaf69b5,1,test,802
8edd5d505,4,test,350
b1367c404,4,test,154
f7c487e58,5,test,795
e2ecf822a,5,test,371
8566a1bd5,8,test,416
99af63c63,5,test,249
4a8f49ac8,6,test,213
a12bb119e,4,test,202
e5962e049,1,test,1164
b98512188,6,test,610
ca39efaf2,2,test,381
c001473a1,5,test,156
2e417850b,16,test,17
4eb9c5991,9,test,187
b517c8c90,1,test,554
b08e63db8,7,test,428
5113edf84,1,test,104
8c0eb7188,3,test,1
b15d56540,4,test,12
bc5058e64,5,test,62
3ea675148,3,test,582
8ab591301,1,test,112
a6c836abe,4,test,262
0e8a11aaa,3,test,524
20854e428,7,test,409
d4beefae9,4,test,86
8bb34f0bd,7,test,235
c23b6bbf6,2,test,104
75f94bea0,3,test,69
330943a7e,2,test,397
c87b301c0,17,test,352
be59708a0,4,test,645
8a2faaf1f,5,test,1165
db194aec8,6,test,103
b6492d3b1,2,test,138
4f1bf01b6,4,test,414
e9cb42d59,3,test,86
a91141912,5,test,410
f82aa539c,3,test,173
ca587cb42,4,test,813
8fd0bd843,3,test,221
22e73ac3a,5,test,686
d6e372a1d,1,test,42
89a6620e3,3,test,819
7eae805cd,6,test,309
fcf377cce,12,test,92
1ed0c2a41,26,test,910
a8055a2ba,2,test,344
50bbe8e31,7,test,131
ab4f161ae,4,test,395
bf5eb5d00,6,test,250
9fd804400,3,test,618
c50926700,3,test,273
75a4a14ac,6,test,68
e58225b2e,2,test,358
f51f68a13,4,test,109
a0f3a1cb4,3,test,28
35ce89b5c,4,test,148
bf50b399e,1,test,41
26901ccb0,4,test,177
640a267a9,3,test,129
393d6bda1,2,test,132
41a7d5bc2,4,test,412
f24000fbc,5,test,600
17bdf954a,3,test,153
2b446dd3c,5,test,98
397be6b99,3,test,123
791f6c077,4,test,87
14a1d0eb4,20,test,369
6d474edc5,4,test,279
687be6419,6,test,407
41d6c5f90,10,test,231
596c81470,1,test,161
80bf7a371,2,test,412
a54202bba,3,test,234
147d6fab7,5,test,437
47ad7a82a,1,test,268
fc0952bea,1,test,228
a79fe858d,4,test,400
11fa9d216,7,test,570
6ae92889d,7,test,619
e317b2a73,5,test,490
d147c39fb,1,test,137
f394d4aad,20,test,248
e03ec2a98,2,test,235
3d751fe45,2,test,504
437b06047,3,test,351
85594fcaf,2,test,80
b4b4969b2,4,test,109
b47536db5,5,test,275
fde52ef8f,3,test,54
71cc0a02e,3,test,355
cb8d79ada,2,test,613
104910cb4,5,test,14
dffb9869f,4,test,261
6735cc397,5,test,12
36632f72b,4,test,451
e064d3504,5,test,267
838b5c426,1,test,21
ab1777794,4,test,210
5bb7dbfc2,4,test,407
0b243ba27,5,test,395
9cf90beff,5,test,61
119835ef9,13,test,810
afb230f5a,10,test,1501
5c60f7300,15,test,1502
c9e2b26c4,3,test,373
6945dbebb,6,test,21
81a176a02,2,test,184
ac1a70774,4,test,339
e809de3b9,8,test,311
487bbfb6d,4,test,338
6ea58b8ac,4,test,531
0fea56eb9,3,test,133
d4bb8cf0a,4,test,200
d057b97bb,6,test,930
9f48a8fe6,12,test,46
9a9f6c753,4,test,835
39adf62b4,3,test,48
0ace65bc4,1,test,103
fa1c96e93,6,test,362
b1b2aae50,9,test,169
e570d64ac,4,test,18
23cdf5f21,4,test,24
e909c484a,5,test,88
1cba86658,2,test,237
e8e054802,3,test,107
1f3e595eb,1,test,89
77b247a02,2,test,152
5110ff5f5,6,test,178
5b64325b9,6,test,386
c78cea205,5,test,467
33db028cb,1,test,171
41ae99ff2,5,test,188
1b8ef81e3,11,test,12
7c9fdd0ca,1,test,267
f83c963d2,4,test,223
ab35738e4,4,test,162
42b3d53f8,5,test,1076
810ff9d37,1,test,399
05e3bc1ae,2,test,1701
b4570b618,7,test,264
8d7c78428,2,test,162
0c05a138b,5,test,470
b94b99757,2,test,199
9b227ae56,4,test,210
6ae4fc251,19,test,55
4f502df1a,5,test,522
f32959003,3,test,304
29f54c6ff,4,test,1109
b5cb75a44,5,test,285
e27adf529,1,test,197
b085671fa,5,test,255
ea9003f0f,4,test,248
8d8ff1b29,3,test,1172
6a6e8e4eb,5,test,724
70a7a71fe,13,test,895
fe9307848,3,test,69
6868acfce,4,test,41
fd68d0b58,4,test,79
5c110b9d2,5,test,192
13469fc6a,2,test,464
0a796c967,10,test,315
f32a2c20a,3,test,211
e7020fa9a,4,test,12
0d7c5b6f6,11,test,1174
c99720dbb,5,test,383
e26125d75,3,test,172
75642f3e5,7,test,413
ae116d640,10,test,536
f4e748c72,3,test,266
2318247fb,5,test,460
132670005,2,test,268
1ce555db8,5,test,413
f97c8edc4,3,test,95
5a3e60ced,5,test,557
01e4020da,4,test,525
db10909d5,2,test,28
0aa2ce4a9,6,test,794
c9a21c416,11,test,551
18c45e502,3,test,399
4de32c463,2,test,198
08b9a3a2f,2,test,179
d0566e4db,2,test,105
f3629735d,17,test,1858
38d23c02f,1,test,276
9c788a6bb,3,test,12
c29fca356,5,test,736
7d835cf7c,9,test,363
d0e2179a6,5,test,193
8d05a7ab1,5,test,303
dad58d0a7,2,test,124
95314294,0,test,34
be2119ed0,9,test,438
ef3fad107,5,test,630
348a982e2,5,test,363
5fc91ab6b,2,test,122
1c3f79b11,2,test,118
c1b7a178a,1,test,204
a54497b9a,1,test,150
3f42bd15e,3,test,379
bb8795c8d,3,test,65
8913e5b27,5,test,68
22c2f101e,7,test,177
7f434b444,3,test,198
3cc43a157,1,test,31
10741c443,5,test,447
5b0f07923,2,test,765
62583aec1,3,test,192
5c9d75ab9,4,test,22
aaa9c8e09,2,test,116
573f51aca,4,test,105
b72bbd6db,5,test,101
88b4f478e,2,test,801
96c93dcc0,1,test,66
4dd89c859,1,test,155
3a682b74e,2,test,400
05aad3b3f,3,test,557
db3c2be5c,1,test,36
67839e63d,5,test,148
bdc7db9b6,3,test,113
f663a91e8,10,test,5955
2d72ef0c4,2,test,838
216550479,2,test,277
442822be3,4,test,153
f13821512,4,test,392
22ff7ca25,9,test,69
a30e92cfd,4,test,571
3c2324232,9,test,19
f135e422d,3,test,389
b7fcfa1e6,5,test,258
52dae90aa,4,test,383
b7656e70f,2,test,259
640dbb3b6,5,test,471
86550c5dc,3,test,82
779bcf3fd,5,test,31
c576fd55e,2,test,14
204a3b926,8,test,477
5d9a6398d,10,test,494
f05a5801b,2,test,117
3d51f4560,2,test,483
2852d3c30,10,test,25
67dbd5ed9,2,test,295
80fcac43d,28,test,298
86afe98e6,4,test,408
594e3dc3f,1,test,256
79799da25,2,test,147
52a23ae9d,1,test,231
67d786538,1,test,246
ce9332934,6,test,692
2d880df4f,4,test,84
11a3055b7,25,test,132
ea11b6f12,3,test,422
ed6684f3a,6,test,402
dc9557824,1,test,179
5bd541f6f,2,test,78
850cb2e50,2,test,1633
804c6c78d,1,test,724
172b6f611,2,test,20
db3f7a11d,3,test,140
cb7bfedd5,2,test,327
dfd0fbde8,4,test,514
345b95213,2,test,200
26627b528,2,test,245
15be0f894,4,test,166
4b932ab38,5,test,116
cbe4be41b,3,test,117
bf7ee1354,7,test,565
2f4b73413,1,test,154
e2bcb9213,14,test,290
9b7f2424f,7,test,302
563854d72,5,test,395
64dbb2214,5,test,509
a3d9bc3aa,4,test,214
0ece28cf0,5,test,186
a8267c4eb,2,test,821
6db8c5110,1,test,308
f0f6f4bd2,1,test,667
073484a7d,11,test,659
729042a8f,3,test,79
17e6747da,5,test,940
e25d4dcb1,1,test,127
4d3526802,3,test,254
9ec161c16,16,test,330
1cce33a82,1,test,12
792c38c44,6,test,585
15600cfea,11,test,55
cf2e67122,3,test,231
48d1bb550,1,test,178
2ca18c1e3,9,test,353
161718095,1,test,292
f05dae9bb,3,test,328
d45776f61,3,test,90
d23a71937,4,test,371
4831c683c,5,test,625
e4b550d46,10,test,1402
1b368f29c,13,test,681
21b90ff68,2,test,805
6da65afb8,15,test,345
ea4c18b67,3,test,81
adc51c1a7,8,test,200
c2aeb6a1f,20,test,2273
9351715a9,13,test,383
818b12621,9,test,12
eebee574e,6,test,290
b85cdc8a5,5,test,150
3bb1086d6,5,test,378
321c14446,10,test,683
a4e103d6d,3,test,123
3ab64c5a4,3,test,477
7ada9a854,4,test,279
7d1030b42,2,test,407
bdbe7091f,6,test,412
aea876483,7,test,224
078fb1715,3,test,105
db635ae93,2,test,43
2d304409b,6,test,171
c05b74b05,2,test,390
1e7159da4,5,test,485
d1ef0568d,1,test,34
a6e902691,3,test,541
e2a9dd71a,1,test,454
303ecdb58,5,test,1446
aa8e2a85d,1,test,529
da405f364,1,test,29
eb5ce7ea2,4,test,336
60ddc474c,5,test,617
fb1adae2d,4,test,135
78a99e7a9,13,test,100
6480e3454,5,test,321
b5c553616,2,test,362
923a58e31,8,test,1636
8d3b5e6e9,4,test,255
3021613fd,1,test,546
9945962c3,5,test,293
537b5f09b,5,test,662
d30c88c64,4,test,337
756d92515,7,test,386
902e7f8aa,1,test,67
db6b79545,2,test,82
f95b27325,2,test,1158
a04a67a2e,5,test,105
bd70d885d,4,test,524
1d46f1061,5,test,356
6231ed9b3,13,test,1518
0fae8116c,4,test,256
71c3f9254,4,test,251
06daf9c05,7,test,334
ecfcb4430,5,test,254
e736f4022,3,test,1528
022429d5c,5,test,115
b3db0fa59,7,test,468
dffd9f2ff,4,test,291
84fbd99d9,29,test,1008
db044e38b,7,test,193
57a93e9a6,6,test,1163
a06a2ee4e,10,test,664
66cff2ed9,9,test,484
b39ead375,1,test,113
2e392586a,4,test,121
4f39ec246,5,test,714
e8d0907ae,5,test,29
0291e8ca0,30,test,552
c74126469,15,test,425
832110a99,9,test,185
cbf4de1e8,5,test,122
fd8bb16c6,23,test,871
5cc86be4e,7,test,357
bb5162df6,2,test,273
ffd61a488,2,test,27
e3e66cb5a,4,test,134
26161bad4,6,test,563
ba72b4212,3,test,88
78a1d23c2,3,test,54
81694b7db,5,test,56
258667857,4,test,303
c2e22f843,4,test,1204
d68357af5,4,test,174
128293a4d,3,test,272
c390140c3,4,test,212
11bb6fca2,5,test,353
289d0bc8a,4,test,248
1e6970298,5,test,155
36ea16468,4,test,1161
b70d0abec,5,test,799
1f82b8bf0,3,test,872
c969e8b17,9,test,828
4715f897c,15,test,1931
c2284e2e9,4,test,217
38d0a0bab,9,test,95
8ca64b428,6,test,156
a2cd8b4ae,5,test,127
15538a661,4,test,101
4133efff0,4,test,123
7d6cd8ac7,1,test,66
0fe9d0022,5,test,100
9cfe96818,3,test,416
476dc0901,2,test,495
307b61689,3,test,16
a243c61c6,24,test,433
49ad94a6a,5,test,359
4ce29bb83,2,test,585
d6691251b,3,test,318
33f89cb83,4,test,330
3f38aabf4,6,test,340
9679275a3,4,test,122
1c2d419ac,3,test,2150
b04b200fa,4,test,125
41ee5af3c,1,test,32
7beccedcb,5,test,57
96e1f20e7,10,test,372
092c46fdd,3,test,80
2de719b88,5,test,427
69d04f61e,5,test,208
dcf17ac48,2,test,121
6f3e4618d,7,test,703
27e318160,3,test,65
aeda0ac0d,12,test,2365
f6d2c9972,5,test,159
012a1a396,10,test,366
8e4a80297,4,test,240
14f54fdb9,3,test,298
ee7d6cf3f,1,test,434
1bd200942,5,test,1141
23d784a8a,4,test,62
81efac010,3,test,197
a9391d398,4,test,1388
c72cb0d9b,7,test,181
8c5bf2766,5,test,106
6d98621a6,2,test,193
16ffedcf8,7,test,1194
48fd10660,5,test,190
bfb33b149,3,test,296
b8d96cdd0,4,test,513
f64329201,2,test,119
2edfe6ec8,4,test,766
9ab460730,4,test,1388
e74dd0579,5,test,503
e6f88d19d,5,test,594
07ee26c3c,5,test,284
f836696de,1,test,137
45dba413a,5,test,304
ac4c28677,5,test,634
1716cd645,4,test,271
514db7301,4,test,389
458e8f61c,13,test,516
94dac1ddf,3,test,333
306989556,2,test,11
2c08a034c,6,test,273
21c163648,1,test,93
a655655d4,1,test,86
05486faf5,2,test,165
f1c49dd17,4,test,550
2b4017cf2,5,test,106
fd67a3f2c,12,test,864
88b60278f,12,test,47
92189aa31,1,test,346
0a40d8c85,3,test,170
0fcc3cefe,3,test,633
3f9f466d1,7,test,84
cc0d4cec3,2,test,22
a24a102b1,8,test,213
80b25cc78,16,test,1752
8509ad722,6,test,1693
45320bbe7,7,test,595
7e5d4e317,7,test,698
3ecdd4122,4,test,836
6314ae1c4,5,test,369
aa4b23487,14,test,525
110682438,5,test,187
49e7b59e9,3,test,627
780c099b4,5,test,1270
6c3222742,7,test,246
5ae7359ab,9,test,209
f1ceeda99,2,test,454
aa328a5ba,4,test,18
0ce866a04,2,test,195
9883a048e,5,test,155
5f7343089,1,test,164
004c2f355,2,test,430
488bfc285,5,test,124
3ebe9f7af,3,test,1020
74084fa99,5,test,340
d010fb743,4,test,674
07128a0d8,5,test,571
97dd55a08,1,test,96
b83e15288,5,test,80
bec55c577,2,test,110
227b372a2,16,test,640
ad90d4962,3,test,182
71cdaadb1,2,test,397
c5756030f,5,test,223
6e6d8b614,11,test,1398
fff4a6420,4,test,147
a804fded8,2,test,40
a88845c74,3,test,512
4b0662306,3,test,180
3c03a9912,5,test,128
95b0b4cd9,3,test,479
bbc6d3812,5,test,345
23367e78c,6,test,69
58695e2f5,5,test,106
bcb22c952,7,test,29
732a2ed35,3,test,375
707b0c535,5,test,1163
ddc2e31c0,3,test,156
4c594983d,5,test,1063
6df350974,9,test,1315
ccb658698,3,test,528
eb6c692dc,6,test,43
63f2e0940,4,test,314
a2e22831f,5,test,871
118c1147c,1,test,8
829ba7bfc,6,test,137
af9d89c50,2,test,288
9e27976e9,1,test,207
c4feb7269,5,test,685
99dcd9020,5,test,16
bfc46890f,9,test,206
7e704dadb,5,test,280
8fc22fd2c,5,test,91
cc8518f88,5,test,1449
316f30229,1,test,119
bba3070ad,5,test,278
b6c338f94,4,test,697
2267e1584,3,test,683
410707dda,1,test,65
68838474a,12,test,3553
c1c16ac86,4,test,461
c2b92d7a0,1,test,114
afefc6424,4,test,106
bc5dade47,2,test,128
05d10428c,2,test,597
010a59236,21,test,538
021cb10fb,1,test,20
dc3ebf72a,4,test,441
afda0a2dd,5,test,926
9fce612cf,13,test,537
47fc12331,3,test,82
e0ad66343,1,test,164
d973f1d5c,3,test,202
29466dcf4,5,test,158
716167b76,18,test,283
f904be121,3,test,205
36c4871dc,5,test,889
d3f0d22a7,13,test,127
20fee2991,4,test,547
aeb17dd99,3,test,172
eab1d3e9f,6,test,1310
8f1d6224d,7,test,394
e7a8fea6b,3,test,880
9f2251ffe,4,test,152
a76cbec89,6,test,904
94b6d93ea,6,test,2634
5f9cf8892,19,test,244
ef086278a,3,test,423
b1ed265ef,13,test,169
5afe2ebbc,20,test,391
6521d5af1,4,test,79
d99c980a9,2,test,84
098b6e1e6,3,test,385
abd80f666,3,test,195
cf77fed94,4,test,457
31912a7d7,6,test,122
84e146ba6,2,test,12
3f0c30d12,4,test,364
c611f493b,5,test,108
1f2d73626,5,test,183
1ae9a98d3,2,test,88
ccbaa4592,7,test,257
eb77ec282,5,test,390
8feefe84d,3,test,113
5d02f91fc,6,test,132
cbd8840cd,5,test,365
4b1f93aac,3,test,88
c924a03e8,11,test,294
36b57b1ee,3,test,201
f2eb9530d,7,test,308
fc7b01af6,3,test,1380
ab2bb4a0c,3,test,868
062b387cf,2,test,604
86f41cec9,4,test,495
15df9cd46,4,test,251
d320b7121,6,test,748
fd059b5b6,5,test,593
0cbe33a44,2,test,68
563eaa005,1,test,81
bad338993,2,test,292
ceec02726,3,test,68
b2d35633c,8,test,936
d4b4f217f,7,test,415
35992662,0,test,86
9ca5f1891,3,test,147
4bd8b2b8d,2,test,374
00eca0391,5,test,212
590a78f0d,4,test,705
07638746f,4,test,776
0c47e700c,3,test,257
473280639,13,test,456
ecad4a875,14,test,597
7b5012939,9,test,132
ddd632a5f,1,test,421
7cfaaa67a,3,test,574
d0866146d,5,test,313
1d4940497,2,test,112
8dd8a7b9e,7,test,26
c8c8ce5d4,5,test,552
4446dde7e,7,test,621
f824e33a8,4,test,177
9c969d36e,3,test,772
7889399ac,2,test,139
db27a0a42,1,test,193
6ce40c2bf,5,test,380
b790a32cf,5,test,125
9fc14401a,1,test,264
82a108c64,10,test,71
d5b9cbf05,3,test,339
9d3d3b938,2,test,39
aecba8ecd,2,test,99
6114449db,4,test,134
418e88441,3,test,434
87f9ef7a5,4,test,190
75fa09239,2,test,377
0434520ef,5,test,303
cdab8ba8e,5,test,1856
0b4ac75e9,4,test,415
4225add43,5,test,98
e1f0c1add,5,test,336
bbb0a9ac2,5,test,919
0f1a3ce5a,5,test,88
f6575f08d,2,test,828
0605aab21,5,test,69
75f3f26cd,4,test,330
05d2022eb,2,test,234
a426fc504,7,test,889
33d3738f6,6,test,533
c22078c20,7,test,149
5146f799b,4,test,482
063e2d021,5,test,753
1b5af7749,28,test,393
8311f29c4,1,test,187
9866d1bd1,7,test,115
08bfdc66f,1,test,531
429296d6e,4,test,130
f385d9645,3,test,16
182aec7a4,2,test,159
4aa44d3c9,3,test,28
0d653b602,12,test,1588
c98d16315,12,test,1377
b69d479cf,2,test,254
e32f5a36f,2,test,406
cda31e59d,3,test,232
f03af5072,8,test,781
bc03cb42b,7,test,335
7ebdfc3b7,2,test,45
1448e3b1a,3,test,147
ec4ed9fe6,1,test,1054
8f15fc3d8,11,test,2180
719917454,4,test,850
5842f1ff5,8,test,146
b5974bdd0,8,test,458
12b47b4e8,5,test,185
598f49a8f,5,test,19
6029bf590,6,test,83
e79dc4f9d,6,test,240
60b9421cc,1,test,503
5d3289417,1,test,132
2fdc23bcb,3,test,733
3af847ce9,6,test,319
b8dd18a5a,3,test,256
36f1c9d61,5,test,252
695925a2a,2,test,18
d81a46211,2,test,49
93c9866b0,14,test,473
925c3854a,1,test,123
7d52177d6,5,test,308
8ab1bbd3f,2,test,324
5452fea14,1,test,137
2c23cf72e,1,test,221
c7315e345,4,test,89
e1ecc1b26,3,test,426
73d65de2d,4,test,14
59e24567e,5,test,393
d412201f6,7,test,65
064425a21,3,test,310
538b47698,1,test,123
220d4394a,2,test,603
9c178d0f4,4,test,5
9f4f97c61,2,test,337
95183dc31,3,test,575
0c2e0fc7d,3,test,518
d898de7ff,2,test,603
a77d17ef8,11,test,343
452a50855,2,test,28
c675f3b10,7,test,511
ec0ef9572,5,test,198
d9b894731,5,test,261
d2d37c3c3,2,test,216
af1125994,5,test,248
84ce5f32b,9,test,812
00553ae55,5,test,25
fc9b4b692,2,test,365
182faa94d,16,test,207
c74abc080,2,test,25
4df0d1886,1,test,142
1ba69dec6,5,test,331
d083a22c5,3,test,71
c135e081f,3,test,483
93692767b,4,test,12
40713e16a,4,test,34
6d55edd17,5,test,182
cf8d949f9,4,test,1336
0a536633a,6,test,21
4d73d97fd,4,test,529
44d722701,1,test,236
5b9d80473,1,test,155
df26f1098,19,test,438
e08c4940e,5,test,193
8d862cd26,2,test,406
a75bbea18,30,test,465
a77b63ee1,8,test,12
27b6e5aca,4,test,165
04ea19d2b,5,test,160
234a5a54c,5,test,94
34452eefb,1,test,102
c9646e275,4,test,420
cdf03dc31,2,test,319
7bebfc2a8,2,test,171
86953ea0b,5,test,216
3029fcad6,9,test,1563
1e45f7387,3,test,318
737413132,2,test,483
c0c1504db,5,test,93
d202e4c9c,3,test,71
8dfb61116,2,test,156
acf289a37,2,test,599
7b79e52f0,2,test,159
7a72ba3d7,1,test,176
c43ecb3e1,10,test,321
953e3ebd4,3,test,109
27830acaa,1,test,38
1a6729b6f,8,test,524
7915144f9,12,test,1114
2932eac8e,1,test,38
3f7b002f4,2,test,375
0338fcdaf,3,test,314
ea062393d,2,test,221
e899d33d5,2,test,380
71d3ecea7,4,test,408
1cf66aed4,3,test,144
caa967274,4,test,244
777f82721,5,test,3
8f47e7ad3,9,test,645
d79342c8d,6,test,182
5c150efc9,6,test,348
4c9e42452,2,test,517
d2d9924f0,3,test,368
0f2879b04,4,test,1012
d946f7a55,4,test,127
1a76190c5,5,test,215
33a51709e,6,test,281
9ea8e240f,5,test,609
3c3615b2d,11,test,324
3c9dbc88e,3,test,706
47ec9e919,5,test,718
21c955172,13,test,672
7964fc4ad,5,test,378
52da0c86c,4,test,222
dc3066d92,9,test,217
300337abe,6,test,323
ba311fc1a,4,test,12
b4f476ab1,9,test,218
97baac4eb,4,test,204
c80811400,5,test,211
40f1ee340,5,test,155
380e603cd,5,test,377
4d43092e3,5,test,803
f6b229568,1,test,162
6f3e70321,3,test,556
9c8209bae,7,test,135
2d584af81,3,test,494
ab4a00203,5,test,387
fad982f0a,5,test,12
5152dbfe1,8,test,451
f557e9262,4,test,371
a7a94dd33,5,test,1284
cc492b6b5,5,test,280
2f3bed708,5,test,290
dc20a0cea,1,test,225
8563bddec,2,test,488
20b7e24b2,1,test,61
7975df564,6,test,1048
d3ffc5c1b,2,test,83
61f22ed16,5,test,57
9791b85de,6,test,119
2a734045b,6,test,486
5e1c62c0a,3,test,453
b8976d821,2,test,205
5cdb90323,4,test,462
d5df34957,7,test,267
8885f346b,6,test,378
45d1d74ca,6,test,188
082c6dee3,3,test,111
e1a2d9477,11,test,279
3c5a98448,5,test,667
13e0627dc,4,test,491
a17411df1,24,test,608
219444cb8,5,test,50
c879064dc,1,test,104
1adb292f6,8,test,1233
99daba941,1,test,184
df70eb456,3,test,291
36d7fc2c5,1,test,367
2e6fc0342,2,test,116
b34dce3d6,4,test,345
968c82e07,1,test,103
74f3293ad,3,test,440
ff85f13d7,2,test,568
f03ea3fd5,5,test,385
5682330ad,3,test,154
9bfca7e65,6,test,458
4f58a37d5,14,test,1523
784d3319e,3,test,218
fa3df8921,13,test,288
09b5921e9,7,test,282
3c5e8cc5d,1,test,76
4479fdc71,4,test,76
59d95faef,1,test,83
7f74af51f,2,test,239
3ea00c9fd,3,test,24
bb051be7c,11,test,270
f4bc92fc6,30,test,347
f5e793c38,1,test,18
342400751,4,test,362
78cb569c6,4,test,97
9f5636404,10,test,760
3ff737b0e,3,test,12
6eb34434d,2,test,429
bbd898405,5,test,95
a2ae5fa7d,7,test,113
7b70b7048,4,test,263
ffb315803,25,test,459
183e445ea,2,test,108
451d17b57,3,test,405
fe790ba60,1,test,36
e9e4424a6,2,test,769
5bbf44cea,2,test,305
1f949d065,5,test,1232
01a985b44,2,test,556
24dfcc985,5,test,178
21a1b528f,5,test,247
e989ad83f,4,test,795
533c528ec,9,test,616
90055a5f2,4,test,276
9a609ef71,3,test,209
78c3c7f21,9,test,258
0eb101936,5,test,264
8655a46ed,3,test,317
f9a3f579a,4,test,199
e49b7c262,8,test,1403
a76937df3,3,test,269
bbd225f09,1,test,41
34ed5aa64,7,test,510
5ad497d30,5,test,642
5a4b6ea39,4,test,162
e133ab2f1,4,test,222
7ff979d3a,3,test,1121
c0574c31a,2,test,107
920cfaad3,3,test,88
fa6c44396,3,test,846
1d9c36e47,3,test,257
c12b5f5de,4,test,23
51572cdd3,4,test,202
620796ee7,3,test,945
33dda6165,5,test,424
d734c881a,30,test,77
08b454900,17,test,1363
0d508e63a,2,test,172
ddeeba131,3,test,349
b03c17502,1,test,46
b1d936001,4,test,208
fd39fef15,9,test,417
a7baf1366,2,test,636
1a61a5963,5,test,18
67578d32f,3,test,100
2f03dc1f4,4,test,642
ffb3a78e1,1,test,645
ef1966105,3,test,294
2aac3e0ac,8,test,132
e63a7dd84,1,test,578
c0d50b9f1,3,test,510
4f9b31590,8,test,264
b744f152f,3,test,35
2107c9788,5,test,471
f995bc16c,3,test,639
3304185a1,2,test,157
b6c59bc1e,6,test,143
cc25fb529,7,test,125
e22b9edd0,3,test,174
f95b39c6f,3,test,14
57ffecfd8,3,test,255
8ab904da2,8,test,1918
3185aa328,3,test,200
4e9358756,5,test,585
a688a434e,6,test,73
5c7d61133,5,test,211
89d8b797c,1,test,137
9a218ea6c,3,test,226
243aaaf6c,4,test,831
813db4d5a,5,test,99
c8d22c965,3,test,8
5296fb183,5,test,132
525947b88,1,test,168
09b3b9dfd,3,test,707
fd3804c20,4,test,113
12ba67e43,3,test,241
09e64ce2b,2,test,71
cff3127ad,2,test,365
94b587221,9,test,404
221cc9a2b,2,test,469
db5d27601,2,test,259
e5b7f6fbe,2,test,39
903523a17,2,test,223
35d04e039,4,test,81
ad5692ee7,6,test,298
470fba174,5,test,474
8a17130c3,3,test,486
27cf74bf1,1,test,148
45bf47f58,5,test,336
210c4a637,6,test,1488
3cfec8730,5,test,388
d45e400b8,4,test,128
a9a2b71d8,3,test,427
106de20f0,4,test,89
ac9fefd28,5,test,178
f073c005e,9,test,2021
4fec4436f,9,test,526
a1ba2f016,3,test,205
ed89380a6,5,test,255
ed9885dcd,2,test,417
27f0a51cd,8,test,91
239326fd2,1,test,69
2e2b3f60c,6,test,38
906ee1877,1,test,171
e801cb768,5,test,198
0f9d7b0f9,4,test,901
e9eeadf82,2,test,148
4b5532afb,2,test,333
ab17ce306,9,test,579
e470b6bd3,24,test,38
d1a2da8ef,10,test,1479
f72db59b3,9,test,507
11f773e2f,1,test,12
7ec261d88,3,test,41
db71b8b85,3,test,147
3fd5af157,2,test,8
e4a48ef49,12,test,358
e282d2bdf,3,test,76
7448f3165,8,test,1026
bf1b733a7,1,test,32
0dbb0a012,1,test,179
0a98163c8,5,test,265
57d556084,2,test,29
a6236b3b8,1,test,343
d99012d9f,4,test,108
f0ef9c777,2,test,358
ba7b8cac2,3,test,347
99a9c9a23,1,test,80
7268e9e21,5,test,228
cff311279,1,test,88
1c9e913d7,5,test,12
4c74d479c,3,test,356
e849142b2,1,test,691
daa7f33d4,9,test,586
fd8c80281,5,test,221
94ec1c180,4,test,424
c753c9bd8,3,test,437
a56c46193,3,test,293
2b0896bbe,30,test,1789
2416a2da1,1,test,150
3b41cf42a,5,test,150
5cfd4e3bb,13,test,1242
f253bd6aa,5,test,1168
20cb13be9,12,test,857
7de2f688b,4,test,202
70900313d,11,test,48
5606b4630,2,test,163
a823f714b,2,test,120
978526235,3,test,316
85a0bad4f,2,test,29
e0dbd7901,6,test,139
fffd78a11,2,test,105
5a567392e,8,test,311
69b2e9f3f,2,test,1402
951f0f32a,1,test,46
aee21db9b,3,test,520
ca76729c9,6,test,203
ff5158511,5,test,406
bd2ad0f9d,5,test,90
ae9a09ad6,2,test,103
4dfd61242,4,test,595
1ef5b1310,2,test,346
4e8ae40c0,5,test,12
c1aa11cb5,1,test,11
af86d93ba,2,test,228
426662616,13,test,518
08767d88e,5,test,161
2db00a064,2,test,23
a8e6ad61c,2,test,556
ce27c0f68,3,test,154
1108027ef,8,test,1020
514202b22,3,test,71
7687b7da2,4,test,680
b84dad49f,3,test,884
615f2f661,5,test,399
cccbf8c47,2,test,332
196504d88,7,test,191
3b61f8d97,12,test,296
f3367a65d,5,test,12
125edf869,3,test,1220
a144cca8c,7,test,372
e156e8aa0,1,test,104
1528d2a61,12,test,2256
f1f0972e3,10,test,431
49b868ae2,4,test,180
5792107ef,1,test,201
b96b7da59,5,test,239
ebf5e5e77,5,test,209
c491ec026,1,test,577
7af35cc82,5,test,193
d6fe9ec65,3,test,393
991c722c1,13,test,250
e4f7394ef,7,test,383
62eac41fa,2,test,379
b89c365c3,2,test,114
98780fbb6,4,test,66
3f108e7bc,3,test,242
c1df421c4,3,test,74
a5746676d,3,test,399
662011890,1,test,46
414d8422f,3,test,52
d1870f34b,3,test,89
8e92ebde6,5,test,315
9af3fec83,5,test,559
bb714a80a,2,test,296
3f2785c07,3,test,218
f861fe441,4,test,298
40d175d61,2,test,423
6a00de73d,5,test,559
cdc958646,11,test,781
6da1ee245,25,test,2132
dc23feccc,2,test,530
441594b56,2,test,536
4b431377d,2,test,583
ef15e6473,3,test,250
ae3ff3cbc,3,test,246
bac8c1a73,14,test,246
4872c28b4,4,test,455
a0909c2bb,2,test,141
8cd1d06ab,3,test,418
9f8c97661,4,test,630
65df826e8,3,test,118
6ff2ae40f,3,test,212
93bffe78b,4,test,387
1b6f92bc2,4,test,232
fa1a30192,2,test,65
043d8c534,6,test,488
369dc90b6,5,test,597
b7a54fea5,16,test,194
1a8503d2f,5,test,386
8c2aae63b,7,test,887
e79f310db,9,test,20
21db2af7c,7,test,126
9c0f6076a,6,test,586
9eb70b7c4,3,test,232
3584bf68a,1,test,72
06dd351e6,3,test,429
662f8c2a9,9,test,243
72f6dbb1d,2,test,32
1f0e01c1d,4,test,111
859b1b236,8,test,408
4c4ba8c4e,2,test,222
edf3478dc,1,test,12
5f2edae7c,4,test,217
4f5f178e6,27,test,240
b3170958f,7,test,697
10f1688d4,15,test,1098
5b554c6e3,5,test,100
d6209194b,3,test,378
0d55c2e2b,4,test,298
cb860243c,5,test,631
5902c3051,7,test,450
0d6696a32,5,test,360
90f1b0525,2,test,409
ee5f5db50,9,test,345
7a1d75edd,1,test,249
72896003b,5,test,313
5dca19c12,2,test,285
840bad15b,5,test,376
b80a19455,5,test,628
d596234fc,4,test,1280
6344c2cde,2,test,261
be7fbd988,1,test,51
aca81d4a7,4,test,440
6914ade58,5,test,280
8939a1ac8,5,test,394
0880d7f1e,5,test,313
5c810c552,4,test,108
d7454afee,1,test,233
615afad71,5,test,302
fcae5bea5,2,test,148
61be9a64f,15,test,625
6c9696bc5,3,test,85
5dce619e3,5,test,140
f017041ca,1,test,353
d8060a227,3,test,347
efbf1703a,2,test,94
146b9d6e7,3,test,246
0ecc1200a,4,test,339
fb9a96204,23,test,836
f4415e636,2,test,45
ff4b9b3b4,4,test,224
5a2a433c2,4,test,292
c7aa43e1a,8,test,145
b1e8c0afc,3,test,338
2cf4d18e3,2,test,277
e58bebf13,7,test,618
412d7406c,2,test,23
4c1a9d86f,1,test,297
c67b1fa40,5,test,54
bf9bd91e1,8,test,1221
92ee0c92b,11,test,267
02a2a622c,7,test,232
7ca780c35,2,test,221
688b3183d,2,test,467
ff867121e,2,test,79
4512e1ea8,2,test,123
096a97631,3,test,132
2172fb9fa,3,test,112
2edd45e56,5,test,588
56ba19506,1,test,183
c67d871e3,5,test,607
193781ef0,4,test,303
550f8a3da,4,test,578
d71310023,4,test,301
e985acab0,5,test,286
bbfc5274f,11,test,505
df706fd55,4,test,234
1d911bffb,3,test,1302
ace26786b,3,test,285
70c30b53f,4,test,30
7aef49fb2,4,test,316
7c9e28902,4,test,200
4a9d058f6,5,test,372
a29c12bef,3,test,68
6ab1ff108,7,test,588
01142a354,10,test,566
898ad5d4c,3,test,305
31dcdb872,1,test,113
f1775b51b,3,test,124
1ef0bf320,3,test,79
6cfba936a,7,test,267
262d7f006,7,test,247
1d5a59ca9,7,test,12
cbd5f7a45,4,test,312
04372b78d,5,test,2150
c62324387,5,test,160
80524f9cd,1,test,18
53759835a,3,test,133
439f040ed,3,test,39
7b67f6ed6,16,test,390
ff9ce365b,1,test,127
fb89569d8,9,test,619
17ef602ce,3,test,622
8ba0c6894,15,test,257
a2dccbe51,3,test,324
0c5b71bf0,2,test,288
b488dc067,8,test,597
ff8e4c708,9,test,516
3de1d3794,6,test,18
335f2c11b,12,test,316
2d758a13b,5,test,74
2edeb7931,6,test,448
61e7f4ebe,3,test,387
7993d67e3,10,test,1068
b8580c770,3,test,305
cbd0bf6b1,1,test,79
2c401c793,8,test,116
88d5f9129,25,test,89
d9fe690c2,10,test,716
b00ce0fd0,2,test,314
f0ebfa37d,3,test,53
3d277ebe6,3,test,211
48a3fe4ac,4,test,609
7d930d08c,7,test,420
ca75db93c,7,test,435
a5ec4df1d,3,test,237
8d76a1b7f,6,test,402
3503528f8,3,test,48
c517992c8,2,test,415
126cfd595,4,test,379
cf3491020,5,test,31
e73038b62,5,test,106
39818f12c,3,test,253
052b0ada8,3,test,136
f246dec63,3,test,337
3e13d34d6,1,test,599
37cb01a87,4,test,35
615df1d7d,3,test,359
b2d7d59c9,1,test,38
5e5f1623c,1,test,629
f212d0cdc,3,test,622
931a50b80,4,test,6
21fc38738,14,test,522
58b4ba48f,6,test,446
9a627ad95,6,test,171
f86b59db0,8,test,488
109c4f5a8,7,test,239
27e8956dc,3,test,963
a27f0cc49,4,test,198
4c6dc89df,6,test,466
18a8b9b6e,4,test,367
35d9045fb,2,test,59
8fe11eb90,4,test,27
1de8444a7,4,test,817
deaba5702,5,test,946
b88fdc7ba,4,test,220
5e1856e1d,4,test,77
bfaca902b,8,test,250
bb90447e5,5,test,446
4e37bb1e2,1,test,216
c41283409,4,test,14
632b28a99,15,test,368
b49d7a9db,3,test,259
4559bd457,1,test,69
1ac7dad15,4,test,574
326c9c979,10,test,369
d139783fa,4,test,198
691a8b7ea,5,test,163
c68936b74,4,test,154
21f095582,1,test,276
ab9dd85b2,7,test,269
d8fc9bc28,8,test,307
99ab7c701,1,test,53
1d03b6d7c,1,test,312
1a38aecad,6,test,697
2b4c4793d,1,test,354
878e36da4,3,test,45
3cb155233,7,test,287
ab821872c,4,test,265
059cfed40,7,test,84
24737dbd5,2,test,91
c251767cf,5,test,37
7b2336880,3,test,213
840c965cb,1,test,24
9d6fd0eaf,3,test,63
113bc00e8,4,test,341
7582d1ab2,2,test,430
c82705cf4,4,test,161
5a17ff971,3,test,424
63912e2b8,5,test,169
af1bc9216,5,test,296
68046ca33,2,test,180
8a6701090,4,test,141
c77a68714,5,test,429
c2016fa08,4,test,91
62ad62e0a,18,test,231
4a56ae509,6,test,433
39f1d116e,12,test,142
2ad939a78,8,test,1472
1ba29c00b,3,test,643
039fea576,1,test,2150
1ba488d80,3,test,12
dbcfcf50c,6,test,685
ee71508dc,2,test,412
b7d23de06,7,test,152
e877b448c,8,test,465
f40b68c08,2,test,100
0c64a0f1b,2,test,136
b677eae2a,8,test,355
cabb4127e,4,test,144
815f4cc08,3,test,93
6bf7eec1e,6,test,544
3d3aef491,7,test,50
0690278af,1,test,12
0940ecf2b,11,test,53
639a4bcfd,3,test,363
8abd027df,5,test,317
727d25d09,1,test,376
861c903b6,2,test,240
7d18ee078,2,test,49
924cc5438,5,test,240
6cfbd44df,1,test,109
e95bb9197,2,test,336
2560aee80,5,test,247
9daaa4e8f,4,test,29
a6e25e889,5,test,315
b35e6306c,1,test,394
b26aecb5a,4,test,278
92bf36222,8,test,490
db33da35e,5,test,123
76358e754,8,test,361
ad002785c,9,test,102
dd5f93066,5,test,83
d1878035a,3,test,92
0306e85dd,1,test,164
f0e24b0aa,1,test,499
02adb269f,4,test,483
43b99bc40,5,test,311
bd485150e,3,test,23
ec57adce7,2,test,387
51c99e8fb,1,test,37
3b5a8db4f,1,test,161
ef73ab8c6,1,test,88
dee6cea2a,3,test,160
067d0ccd3,3,test,452
1952397d3,2,test,121
6f08e9c5f,7,test,1290
084b7e7eb,7,test,353
70503cc75,14,test,528
1f6849a20,13,test,218
0bcae32b7,2,test,202
473af1ce7,8,test,1045
64c6eb71c,3,test,471
982dce813,11,test,85
b22e78544,1,test,293
4bce78644,3,test,326
eb1f799df,3,test,1358
70a90deaf,6,test,284
c76384236,1,test,301
b3bd4c99e,5,test,83
b5b84493d,3,test,363
31e9530cf,5,test,144
1833aa7d6,3,test,354
e40a90daa,4,test,96
91e1bffc5,2,test,536
5c60d114f,1,test,602
63521459,0,test,115
124f45c2b,5,test,12
2831bd2b0,4,test,972
ee2def69f,5,test,665
945a7a8dd,1,test,445
8fa1c5c38,2,test,145
d9c54752f,5,test,725
f20390dba,2,test,239
960de1fad,6,test,110
7a875ef01,3,test,209
b4f1bc76e,15,test,330
ba7ade913,10,test,1022
9e2af0f7a,2,test,347
1d8d037a2,6,test,238
6c196faec,10,test,475
988988d5b,19,test,209
9197674f9,5,test,265
dbea554c3,7,test,101
ba16888d7,2,test,0
d6715d925,2,test,138
f068b8fdd,2,test,40
a71f9ca6b,2,test,281
07ae95ddc,4,test,618
e62c62127,3,test,91
24e800fa6,5,test,259
becd6c70d,5,test,279
3a36bdba5,2,test,881
b03b1a110,4,test,88
3d2745318,7,test,287
752491221,3,test,286
dff390828,2,test,45
73ab55e8c,1,test,776
93219ad95,3,test,200
f2816bd92,18,test,33
7d6298b6e,8,test,455
234b2a6b6,5,test,566
42a8d4f4a,5,test,430
9427a0125,2,test,127
71510cf8b,10,test,31
c0677007e,8,test,166
a684871b0,2,test,89
ffb33c204,3,test,187
63a4f8b8a,7,test,381
98c265a0f,4,test,736
f6db28991,6,test,747
4cb849b69,3,test,382
a9c3f27cc,2,test,321
33752346b,4,test,213
f447d931c,6,test,232
ec14446ba,9,test,321
f3fd77fe8,3,test,1016
79a6cc443,3,test,167
16ce3524b,2,test,48
387147d00,8,test,255
595b8d58f,3,test,156
f69176873,2,test,102
65c2785b3,6,test,140
a6fd3df67,3,test,91
c7b3c09d4,5,test,380
d86f635fb,6,test,121
6fea8ac52,1,test,96
fcd21f3ec,5,test,172
5e9539f73,3,test,226
15937e540,4,test,1081
2d6d161a9,5,test,421
2b38b60d2,2,test,1276
d1f444e66,4,test,363
f5d514b10,4,test,160
91328d9f8,6,test,851
fd9375e71,3,test,26
a3e73475f,1,test,225
b4cc525db,11,test,347
b3e897856,3,test,100
c24017264,7,test,93
0cb450c62,1,test,205
856005eae,5,test,988
bc14f3a48,5,test,86
8cfba1686,10,test,668
a9fb31e59,4,test,584
7fe0a86f8,5,test,446
353187b3d,4,test,380
b41cb9e51,2,test,474
e204110aa,3,test,524
1a4d9f6e1,8,test,522
95d951387,3,test,350
4235841ea,4,test,1424
ee459f62d,2,test,145
576f4893f,3,test,592
9af15c8f1,3,test,94
79b3d41e2,7,test,276
e15353d1b,5,test,14
3bb0c9458,6,test,185
ec13e5f25,6,test,853
01dd8880a,9,test,709
c5574bf3d,7,test,194
2d6e2292d,7,test,390
1217eecab,7,test,712
f9994fbae,3,test,209
4e00cd0ac,4,test,160
7ed3e206a,5,test,1329
b4ba15dbc,7,test,190
7276be56b,5,test,778
372433bc5,4,test,13
dd62a2e7f,2,test,672
694a730b4,12,test,334
c042fa2d5,7,test,513
79420447a,5,test,615
ce5e6e407,5,test,284
60bbc32b6,6,test,485
ae3ef6983,2,test,1117
9795ce5b0,1,test,91
1d6944a82,7,test,174
f6551137d,15,test,359
506fa1d6e,29,test,370
cbb64ed77,5,test,708
7fd7b7583,8,test,152
4bcc9f10a,3,test,176
82530d72e,5,test,286
f9934b985,3,test,127
d31cc5eb8,4,test,151
597ff6946,5,test,393
1b1ddc50c,1,test,88
95914d469,7,test,647
b6c464fd3,2,test,128
d4850786d,1,test,297
7d19330cb,1,test,293
8563d2004,5,test,414
d4e83ee5b,8,test,344
fc9773fa5,4,test,244
353c89ed3,12,test,191
47163bb58,1,test,53
368b2adc1,5,test,678
e53cf2373,4,test,232
7ca7983b5,2,test,161
fb507a1cb,3,test,117
a1eb5f685,1,test,145
86f4297b4,5,test,692
062de1f53,5,test,572
62332ea2c,2,test,254
7f6f8b365,6,test,1274
c960bb1bd,3,test,329
3dc98128b,1,test,150
2e3bec724,9,test,357
c7575df7b,4,test,696
0008c5398,6,test,249
5893f7a9e,4,test,443
e5aa922d9,2,test,167
523af701f,10,test,101
1b1fdfd71,9,test,912
93ef02488,2,test,273
73f5dad5b,10,test,452
497ef36aa,3,test,198
38e3b6744,5,test,84
56b5845d7,2,test,471
6fc17b073,6,test,215
b48aa9d4a,3,test,122
7a25c5a12,7,test,171
44175f75c,5,test,145
d3968a6b0,4,test,191
50e35cd70,4,test,252
9e5476a10,2,test,201
4d28b3255,14,test,500
25c7b5c5f,13,test,965
ceed27182,3,test,192
c1aa4142d,2,test,81
d8128cefd,2,test,272
2fd882044,10,test,760
596d623f9,6,test,928
2b47d7f0d,5,test,179
b6450abed,4,test,281
826c26e34,5,test,200
f2a6e7dac,6,test,326
92e74870e,3,test,119
0caa3437b,3,test,122
b8aa48ca7,1,test,141
05f00d521,1,test,140
d08bc2c0a,5,test,43
0cda0894a,9,test,356
33c73d9ad,1,test,3
eceb03b88,4,test,128
97cd20357,4,test,475
09bc86c05,20,test,601
43bae1c6d,4,test,55
979e3f8f7,9,test,424
86547ad6d,5,test,6664
796774834,4,test,382
a01ab5b30,3,test,172
ce344f70e,2,test,145
c9206bc13,4,test,538
55e32b4b7,2,test,247
81075b785,5,test,694
49c216bf8,3,test,151
fdb71d0c8,1,test,181
53db5839b,5,test,32
7a12a494f,9,test,133
87613aee1,4,test,251
ac2f56dbf,1,test,117
66d4911f9,2,test,101
68071559c,5,test,14
c9d333b09,5,test,318
c4e1afd9e,3,test,741
e21227d75,2,test,404
68731378e,3,test,48
714b4fa64,1,test,109
c4277da90,11,test,410
7f7e9db52,7,test,55
42444811d,4,test,277
3681bfdb9,4,test,349
62da2d031,5,test,235
310ea711c,5,test,1104
cb867cac6,8,test,1916
81301773,0,test,94
7c7a54cbe,6,test,731
b410bfdfe,7,test,773
accca912b,3,test,194
d6e6e7d6c,3,test,475
b256f479c,10,test,322
ef14eb18e,2,test,125
97fe7f730,1,test,283
807e3b981,4,test,288
f1fe2758a,2,test,262
ee8518e4c,8,test,1788
86ea9dda0,4,test,236
610ece7bd,3,test,110
1de8d0099,1,test,38
f15d587a7,3,test,576
0c4e78176,1,test,103
9809485bb,4,test,98
6f7d23e2d,7,test,427
7998c5869,3,test,555
239047f66,6,test,918
31b7a54b6,1,test,531
d64f2a210,7,test,459
78332e36f,5,test,14
2f73851f5,3,test,917
e8f7d9542,2,test,213
dd38f7a48,5,test,85
4b4bb2b0a,5,test,1892
839404d8c,4,test,573
b95d067a2,5,test,135
7f78e79c0,5,test,350
ba79cfddf,5,test,248
dfefbcea0,3,test,502
83d36f269,6,test,50
dd8f63c0b,6,test,330
282c0ac61,1,test,44
5145c1766,2,test,543
c8a528b69,4,test,280
d11425b98,5,test,712
89d80665a,4,test,355
52ad1225c,5,test,149
e65ac2a2e,5,test,511
f08b9d3c3,4,test,990
09eca4557,3,test,453
7cd898f38,9,test,592
63afbf2f2,3,test,179
9d513f46a,5,test,507
e6dc7116d,1,test,34
3485ea1db,4,test,143
5f2c67ae2,5,test,112
486f89692,2,test,88
6709f43e8,3,test,454
08267e916,3,test,147
7b1211e80,2,test,151
fefb3826e,13,test,299
a85a1c8c3,3,test,151
e04df6caf,10,test,126
0af142ee3,2,test,76
e4da1c9e4,3,test,133
5e696928a,1,test,1567
4887999cc,4,test,228
4d8bc908b,11,test,608
2cb1d59ad,1,test,144
c98ae8e1e,5,test,146
bc6d86a40,5,test,231
c81a8045f,6,test,166
d7f98a1a1,2,test,17
400eaa6d5,8,test,718
545711134,18,test,758
40de6ecb5,3,test,550
d6b97e7ca,1,test,118
b0e26c028,7,test,37
eb42f77fd,3,test,234
f4d945501,5,test,1124
f261c9968,4,test,239
3735485c1,2,test,40
60875e5f0,17,test,906
8f2daa8e3,9,test,1203
0f0219fd7,4,test,36
34a6cc7b2,20,test,471
86ac4d6b6,4,test,76
401fcc4c5,18,test,184
c80041cdf,7,test,379
5314d64ac,2,test,371
0d1067e63,5,test,511
203e2bd3c,13,test,1133
2a52daa7e,3,test,202
743b67b44,21,test,345
86d02f6a8,2,test,48
ed97f6919,3,test,1871
faf64d6a6,1,test,405
3f8824a3b,1,test,229
8cdad4b1c,6,test,408
dffa9e326,2,test,202
e0e241d57,11,test,1357
899859c9b,7,test,332
ab3759aae,13,test,349
7efb36b65,7,test,21
d3bafdff5,13,test,80
cb295209a,1,test,1240
474db10df,3,test,219
e9feaab54,5,test,410
10a3c8b71,3,test,456
3fa0de4e4,6,test,168
c33c82dd5,4,test,503
38c82bfc5,5,test,70
3e158c21e,3,test,70
176e54ffd,4,test,839
b233246be,1,test,255
827ac9a9f,1,test,132
bf42a225d,3,test,193
c9151664a,5,test,223
fe7e662c5,2,test,151
45f9a9f66,2,test,236
f99231609,5,test,185
32f97388e,6,test,525
ee36e2198,5,test,142
5df99d229,2,test,121
ead9fb6b7,1,test,64
bdeeb6fe2,2,test,651
efe27171b,3,test,436
ad5021d77,4,test,125
01da89f29,5,test,839
d30068375,5,test,339
50361acf5,9,test,229
c1548b685,3,test,142
880a0ac07,3,test,41
c5c51218f,2,test,79
0f3434f36,5,test,94
e3f28534a,5,test,166
d4aa3713a,6,test,36
4c56ed2b6,2,test,127
9609a0b86,5,test,1022
028d42a4b,6,test,906
9951b9762,6,test,312
1c107ce2b,4,test,509
70a534945,2,test,428
c4ff3b712,1,test,83
9862e5dfe,4,test,807
133ca8c90,1,test,212
9daa740bb,2,test,16
14398288b,12,test,1365
0dfa8e172,4,test,58
9c263fbc4,2,test,393
828f48390,3,test,557
848c1d759,1,test,321
77d38bd16,11,test,260
2b9fd4034,4,test,728
e67b88329,3,test,335
fcffea7c0,8,test,297
b119aa181,1,test,102
f2ff942f1,5,test,1234
1f4ebd382,5,test,282
5c716a537,2,test,893
ca8aec089,2,test,86
b7da4e981,5,test,55
a88733fd1,1,test,70
50682d0f1,1,test,73
b113401e2,6,test,500
bb2808ff8,3,test,987
19f5a15ab,7,test,1077
6094997dd,1,test,151
7ba9cb4a0,4,test,311
8fddd8a5b,1,test,543
2ef182fc5,11,test,252
9d8032dd0,3,test,316
fd7c54ba8,8,test,513
01958f464,4,test,756
081199ea2,13,test,824
0f3fd67e2,5,test,440
f94991b4c,2,test,443
94dc821ee,5,test,396
6fa5384b8,4,test,935
497312a16,6,test,227
77014fe37,14,test,162
788ea6e94,4,test,630
3bb49d7d9,4,test,16
c3b05e0f0,5,test,105
9cda44cdf,8,test,168
2b1638a20,5,test,20
813bfdc93,4,test,814
986e26eeb,10,test,446
9b2316d19,2,test,437
c60193e34,4,test,168
4f7a70728,13,test,81
9e758c0b0,3,test,207
